id,name,salary
1,Kiran,99097
2,Kiran,88574
3,Ram,46411
4,Binod,82342
5,Ram,81370
6,Sita,109540
7,Sita,107456
8,Gita,115496
9,Rohit,32938
10,Hari,106856
11,Binod,40634
12,Hari,46225
13,Binod,108115
14,Anita,71942
15,Hari,68807
16,Ram,119545
17,Rohit,47598
18,Kiran,111343
19,Anita,45517
20,Anita,61917
21,Sita,117422
22,Kiran,88808
23,Sita,110388
24,Binod,52413
25,Kiran,101109
26,Kiran,36751
27,Ram,110696
28,Ram,78460
29,Kiran,65441
30,Kiran,61495
31,Ram,89350
32,Rohit,87877
33,Binod,87307
34,Hari,84342
35,Anita,49779
36,Gita,35008
37,Rohit,68816
38,Binod,111957
39,Anita,115235
40,Hari,88510
41,Anita,98131
42,Gita,112138
43,Gita,117454
44,Gita,95391
45,Gita,110113
46,Anita,53457
47,Gita,113920
48,Binod,39259
49,Hari,46666
50,Hari,80519
51,Gita,76072
52,Ram,101241
53,Hari,83909
54,Anita,32400
55,Gita,85191
56,Sita,79345
57,Gita,66458
58,Anita,52452
59,Binod,54594
60,Rohit,62675
61,Hari,36496
62,Anita,67436
63,Sita,59859
64,Binod,63837
65,Sita,68322
66,Ram,54922
67,Ram,74614
68,Rohit,85222
69,Binod,63905
70,Hari,58474
71,Anita,35377
72,Binod,51083
73,Kiran,69194
74,Binod,52386
75,Gita,33153
76,Hari,98850
77,Gita,61658
78,Kiran,102850
79,Hari,43977
80,Anita,44467
81,Rohit,83205
82,Sita,41188
83,Hari,69538
84,Sita,56187
85,Sita,93143
86,Rohit,118921
87,Sita,84867
88,Binod,89767
89,Hari,61869
90,Gita,53710
91,Binod,33800
92,Rohit,85373
93,Binod,93978
94,Rohit,39641
95,Sita,89607
96,Rohit,71903
97,Hari,118497
98,Binod,116717
99,Rohit,106412
100,Hari,77476
101,Hari,40824
102,Hari,61989
103,Kiran,46688
104,Kiran,104098
105,Binod,48966
106,Sita,111455
107,Binod,69857
108,Kiran,44880
109,Kiran,111488
110,Sita,65651
111,Sita,34215
112,Kiran,90261
113,Gita,88644
114,Hari,49723
115,Gita,77993
116,Gita,100120
117,Hari,30752
118,Kiran,87657
119,Binod,111020
120,Rohit,83259
121,Rohit,119460
122,Rohit,95389
123,Binod,117645
124,Binod,86009
125,Kiran,54401
126,Anita,106544
127,Binod,43135
128,Kiran,95037
129,Hari,118622
130,Gita,72102
131,Ram,96780
132,Gita,94988
133,Gita,33274
134,Kiran,102995
135,Gita,65199
136,Ram,70897
137,Ram,104881
138,Gita,82366
139,Ram,40639
140,Sita,42855
141,Ram,35966
142,Kiran,56735
143,Rohit,63286
144,Ram,44888
145,Binod,119497
146,Sita,65785
147,Rohit,32525
148,Kiran,81693
149,Sita,75963
150,Ram,57332
151,Gita,41248
152,Binod,70365
153,Hari,100123
154,Binod,112421
155,Hari,97097
156,Sita,109390
157,Hari,88025
158,Sita,68490
159,Ram,62411
160,Anita,83594
161,Sita,102119
162,Hari,97062
163,Kiran,80996
164,Kiran,62597
165,Kiran,89719
166,Binod,97192
167,Anita,58449
168,Binod,39210
169,Rohit,91514
170,Sita,110116
171,Anita,39066
172,Rohit,111343
173,Hari,48478
174,Sita,77803
175,Rohit,59786
176,Hari,94519
177,Sita,114429
178,Gita,62965
179,Sita,113342
180,Rohit,31381
181,Anita,89308
182,Sita,57419
183,Ram,117619
184,Kiran,55259
185,Gita,52892
186,Binod,46996
187,Hari,92195
188,Binod,75037
189,Sita,101655
190,Ram,42446
191,Ram,47569
192,Gita,91757
193,Rohit,63880
194,Sita,91070
195,Hari,83582
196,Kiran,104268
197,Kiran,81706
198,Sita,80154
199,Anita,75892
200,Rohit,98440
201,Binod,32620
202,Hari,86916
203,Ram,76011
204,Kiran,71342
205,Anita,109419
206,Ram,102842
207,Rohit,33105
208,Hari,62693
209,Kiran,99285
210,Sita,39444
211,Rohit,51965
212,Binod,52957
213,Gita,66333
214,Anita,82521
215,Binod,69361
216,Rohit,31963
217,Rohit,103625
218,Gita,83997
219,Sita,60630
220,Ram,80367
221,Binod,87898
222,Ram,55811
223,Kiran,44564
224,Anita,95079
225,Binod,107420
226,Rohit,104227
227,Rohit,79270
228,Hari,40605
229,Rohit,90954
230,Anita,83224
231,Rohit,49343
232,Binod,48683
233,Gita,57593
234,Anita,71911
235,Binod,36854
236,Sita,94619
237,Hari,35428
238,Gita,66393
239,Rohit,51600
240,Ram,51222
241,Binod,62859
242,Sita,100369
243,Binod,57096
244,Sita,72111
245,Binod,113651
246,Anita,99601
247,Gita,84584
248,Gita,33969
249,Kiran,48534
250,Rohit,61551
251,Ram,92076
252,Hari,71568
253,Rohit,36963
254,Kiran,48617
255,Anita,85537
256,Rohit,49341
257,Hari,64130
258,Hari,95088
259,Hari,93522
260,Ram,51833
261,Gita,54454
262,Hari,113983
263,Hari,59296
264,Gita,67218
265,Hari,113730
266,Sita,83863
267,Rohit,74702
268,Hari,32282
269,Rohit,112442
270,Gita,99188
271,Binod,116758
272,Binod,118024
273,Hari,54144
274,Rohit,35886
275,Ram,61352
276,Anita,114990
277,Sita,54167
278,Kiran,79901
279,Anita,65932
280,Rohit,34295
281,Ram,88191
282,Hari,74072
283,Hari,50459
284,Anita,37458
285,Binod,54227
286,Kiran,62547
287,Rohit,104417
288,Rohit,32241
289,Anita,93969
290,Rohit,30047
291,Binod,86519
292,Rohit,109372
293,Rohit,108199
294,Binod,103189
295,Binod,91378
296,Rohit,36552
297,Hari,52534
298,Sita,48105
299,Ram,110583
300,Anita,93602
301,Hari,109841
302,Anita,34224
303,Sita,79136
304,Kiran,33304
305,Ram,61415
306,Kiran,119802
307,Rohit,116491
308,Binod,39899
309,Ram,80860
310,Gita,36885
311,Binod,111424
312,Binod,104708
313,Binod,33547
314,Rohit,94145
315,Kiran,101844
316,Hari,67742
317,Sita,92869
318,Binod,112294
319,Ram,87541
320,Kiran,34202
321,Kiran,71088
322,Sita,31134
323,Binod,86588
324,Ram,97433
325,Rohit,45180
326,Kiran,99409
327,Kiran,109334
328,Sita,84047
329,Ram,94103
330,Ram,46810
331,Anita,79156
332,Sita,116065
333,Kiran,70043
334,Binod,70730
335,Hari,91831
336,Rohit,60386
337,Anita,83363
338,Kiran,70162
339,Gita,34968
340,Binod,114905
341,Sita,112855
342,Binod,68003
343,Kiran,41631
344,Ram,37862
345,Kiran,103551
346,Hari,35692
347,Hari,36834
348,Kiran,52311
349,Binod,87685
350,Anita,38382
351,Ram,95539
352,Hari,114222
353,Ram,32386
354,Hari,84192
355,Gita,35428
356,Ram,109375
357,Ram,100528
358,Sita,36055
359,Anita,97880
360,Sita,49310
361,Sita,71977
362,Anita,67997
363,Gita,96218
364,Hari,111385
365,Sita,71147
366,Hari,108575
367,Kiran,108157
368,Anita,73597
369,Binod,49734
370,Ram,39352
371,Binod,51482
372,Binod,90688
373,Rohit,33439
374,Binod,80672
375,Hari,119476
376,Anita,94415
377,Hari,80141
378,Rohit,75293
379,Kiran,116628
380,Kiran,33666
381,Hari,67357
382,Kiran,100359
383,Rohit,44643
384,Gita,112459
385,Gita,71969
386,Ram,87449
387,Ram,36322
388,Anita,110279
389,Kiran,97533
390,Sita,30791
391,Gita,79383
392,Sita,32276
393,Ram,85830
394,Hari,113483
395,Kiran,62816
396,Gita,70873
397,Hari,64163
398,Kiran,115296
399,Ram,85035
400,Anita,54239
401,Gita,75662
402,Rohit,66861
403,Kiran,66643
404,Gita,72087
405,Hari,46614
406,Rohit,73761
407,Ram,35867
408,Binod,70074
409,Gita,61546
410,Rohit,103305
411,Kiran,58274
412,Gita,104691
413,Rohit,107289
414,Kiran,32927
415,Rohit,61474
416,Gita,41769
417,Ram,54893
418,Hari,31200
419,Hari,35660
420,Binod,115961
421,Rohit,109945
422,Ram,77176
423,Gita,48989
424,Anita,72518
425,Binod,87774
426,Anita,114001
427,Sita,65260
428,Gita,115122
429,Sita,109291
430,Sita,45560
431,Rohit,70407
432,Gita,36339
433,Sita,104572
434,Rohit,78766
435,Kiran,100562
436,Kiran,118801
437,Hari,46266
438,Binod,80813
439,Rohit,96369
440,Anita,59737
441,Anita,90064
442,Binod,31809
443,Hari,107357
444,Anita,72767
445,Gita,53639
446,Ram,64976
447,Anita,63569
448,Rohit,86501
449,Binod,61251
450,Anita,58213
451,Binod,45718
452,Rohit,118280
453,Kiran,90877
454,Anita,30421
455,Binod,116675
456,Anita,82776
457,Ram,104605
458,Rohit,115364
459,Kiran,39126
460,Binod,46603
461,Kiran,79580
462,Kiran,105104
463,Rohit,32656
464,Rohit,60793
465,Rohit,87840
466,Ram,67191
467,Sita,67579
468,Sita,94586
469,Ram,109835
470,Sita,65498
471,Ram,99092
472,Kiran,83417
473,Gita,87146
474,Ram,87965
475,Anita,104905
476,Kiran,92316
477,Gita,101285
478,Ram,98847
479,Gita,113681
480,Sita,44639
481,Kiran,34362
482,Binod,79411
483,Ram,52802
484,Binod,111503
485,Sita,73198
486,Anita,39450
487,Gita,116318
488,Gita,95401
489,Anita,115595
490,Ram,58942
491,Kiran,95895
492,Hari,54840
493,Ram,114660
494,Ram,84001
495,Kiran,92099
496,Sita,89923
497,Gita,80119
498,Hari,69401
499,Gita,31833
500,Ram,53556
501,Sita,63585
502,Sita,32477
503,Anita,97584
504,Ram,79213
505,Rohit,40043
506,Binod,33139
507,Anita,103305
508,Kiran,90654
509,Rohit,33977
510,Rohit,98133
511,Ram,58465
512,Kiran,112002
513,Binod,84461
514,Gita,111133
515,Gita,73588
516,Anita,69862
517,Binod,107151
518,Gita,86311
519,Hari,96271
520,Gita,45013
521,Rohit,50905
522,Hari,95026
523,Kiran,74263
524,Anita,91023
525,Binod,61770
526,Sita,82520
527,Rohit,44550
528,Sita,44487
529,Binod,49162
530,Gita,35932
531,Sita,83372
532,Kiran,69059
533,Ram,115772
534,Rohit,117307
535,Anita,69704
536,Kiran,36101
537,Sita,109958
538,Hari,104393
539,Binod,104483
540,Rohit,82813
541,Gita,37176
542,Binod,60259
543,Rohit,52203
544,Binod,60493
545,Sita,67854
546,Hari,102077
547,Binod,61577
548,Binod,60425
549,Binod,118554
550,Anita,30584
551,Ram,103100
552,Ram,39464
553,Gita,51974
554,Anita,62057
555,Gita,68643
556,Ram,69688
557,Hari,30132
558,Rohit,40129
559,Kiran,110825
560,Ram,106717
561,Anita,93038
562,Hari,35993
563,Rohit,45957
564,Kiran,105233
565,Sita,99627
566,Kiran,71277
567,Sita,111381
568,Sita,44664
569,Ram,94137
570,Binod,118415
571,Rohit,95379
572,Anita,90087
573,Sita,65997
574,Rohit,80954
575,Hari,45645
576,Sita,35625
577,Gita,37460
578,Rohit,80613
579,Rohit,104958
580,Sita,62896
581,Kiran,106842
582,Binod,74921
583,Binod,36370
584,Binod,96264
585,Ram,70653
586,Anita,113688
587,Sita,53451
588,Ram,75777
589,Sita,87540
590,Binod,51556
591,Sita,51891
592,Gita,69587
593,Kiran,63594
594,Kiran,61799
595,Sita,80142
596,Anita,48301
597,Anita,96388
598,Binod,95240
599,Sita,109073
600,Hari,39027
601,Binod,89302
602,Anita,39985
603,Binod,46867
604,Ram,102894
605,Rohit,89325
606,Sita,89316
607,Kiran,104853
608,Kiran,40969
609,Binod,50288
610,Hari,66748
611,Hari,42637
612,Rohit,118066
613,Kiran,39746
614,Sita,59941
615,Rohit,116590
616,Gita,60063
617,Ram,87590
618,Binod,94065
619,Rohit,31109
620,Sita,111867
621,Gita,98054
622,Anita,100153
623,Gita,81894
624,Hari,71207
625,Binod,113114
626,Rohit,46524
627,Binod,65754
628,Sita,56210
629,Hari,51799
630,Gita,106488
631,Ram,65112
632,Binod,48408
633,Rohit,78325
634,Hari,87603
635,Gita,94867
636,Rohit,37246
637,Sita,36211
638,Anita,44658
639,Gita,39726
640,Gita,106122
641,Rohit,30717
642,Sita,61636
643,Rohit,34939
644,Anita,110910
645,Anita,63149
646,Kiran,100517
647,Ram,61128
648,Kiran,87743
649,Ram,108311
650,Sita,100077
651,Anita,72776
652,Binod,44027
653,Anita,61846
654,Ram,74869
655,Binod,108044
656,Hari,119293
657,Sita,102638
658,Sita,60796
659,Hari,30588
660,Sita,34641
661,Rohit,102828
662,Ram,76700
663,Anita,84034
664,Sita,116853
665,Rohit,116582
666,Kiran,85300
667,Binod,58357
668,Binod,78632
669,Gita,53152
670,Hari,39105
671,Sita,48593
672,Anita,87077
673,Gita,118620
674,Kiran,119442
675,Binod,47082
676,Rohit,117971
677,Sita,42633
678,Rohit,64672
679,Hari,32957
680,Gita,103462
681,Kiran,66789
682,Rohit,106645
683,Binod,31585
684,Sita,116500
685,Sita,116097
686,Ram,110208
687,Sita,49862
688,Gita,34774
689,Kiran,112877
690,Rohit,83427
691,Binod,59454
692,Gita,48722
693,Ram,64104
694,Gita,106963
695,Gita,78267
696,Sita,71161
697,Ram,81574
698,Kiran,114303
699,Hari,86761
700,Kiran,113251
701,Gita,96962
702,Kiran,42870
703,Ram,109896
704,Kiran,116627
705,Binod,118087
706,Gita,97255
707,Hari,102527
708,Binod,101910
709,Binod,84140
710,Gita,31215
711,Ram,94056
712,Ram,115860
713,Ram,111485
714,Sita,82206
715,Sita,109122
716,Hari,53487
717,Gita,116741
718,Binod,60911
719,Binod,93870
720,Ram,81508
721,Kiran,107066
722,Rohit,45109
723,Binod,109566
724,Gita,115111
725,Rohit,36246
726,Binod,107481
727,Rohit,113564
728,Hari,113317
729,Kiran,51097
730,Gita,80669
731,Hari,46679
732,Rohit,65389
733,Kiran,92776
734,Ram,99277
735,Rohit,118680
736,Anita,112078
737,Ram,107668
738,Kiran,100002
739,Gita,72161
740,Ram,99302
741,Kiran,86604
742,Binod,68526
743,Gita,83412
744,Hari,95243
745,Sita,79503
746,Anita,51976
747,Gita,98996
748,Rohit,84181
749,Gita,95762
750,Rohit,117934
751,Gita,53210
752,Anita,56644
753,Hari,110368
754,Sita,98950
755,Gita,42762
756,Ram,45247
757,Ram,113943
758,Binod,36263
759,Sita,85937
760,Sita,30818
761,Sita,102621
762,Gita,43213
763,Gita,59757
764,Kiran,109557
765,Sita,67629
766,Hari,118185
767,Rohit,35582
768,Ram,108603
769,Rohit,114106
770,Ram,119319
771,Ram,57963
772,Anita,106121
773,Kiran,99154
774,Binod,99833
775,Ram,36720
776,Sita,50368
777,Ram,75356
778,Hari,78362
779,Gita,115171
780,Rohit,51744
781,Kiran,72330
782,Sita,95219
783,Ram,110131
784,Anita,87770
785,Binod,115895
786,Ram,83323
787,Gita,40209
788,Rohit,77115
789,Kiran,42452
790,Sita,47121
791,Rohit,94788
792,Anita,99909
793,Rohit,88699
794,Hari,48860
795,Sita,37399
796,Anita,109065
797,Binod,114489
798,Sita,88213
799,Rohit,67966
800,Kiran,71855
801,Gita,57586
802,Anita,117847
803,Sita,108434
804,Rohit,88392
805,Gita,70706
806,Hari,66931
807,Rohit,105895
808,Binod,117448
809,Anita,94466
810,Binod,49597
811,Binod,80532
812,Binod,98067
813,Anita,81801
814,Anita,118115
815,Anita,48308
816,Ram,48335
817,Hari,79186
818,Ram,56699
819,Sita,39620
820,Sita,43461
821,Hari,60861
822,Hari,66266
823,Rohit,82943
824,Rohit,30661
825,Rohit,99114
826,Kiran,68807
827,Gita,107928
828,Binod,87948
829,Hari,103255
830,Kiran,35455
831,Anita,64991
832,Anita,95755
833,Ram,56843
834,Kiran,77469
835,Ram,32239
836,Kiran,65708
837,Gita,107185
838,Sita,48821
839,Kiran,118619
840,Binod,52705
841,Anita,59815
842,Binod,75699
843,Anita,48436
844,Ram,71883
845,Gita,69107
846,Ram,59627
847,Sita,33465
848,Kiran,30007
849,Anita,78345
850,Sita,64356
851,Kiran,37836
852,Sita,36996
853,Hari,108380
854,Hari,83743
855,Sita,38133
856,Hari,83383
857,Binod,84841
858,Rohit,64266
859,Hari,119830
860,Rohit,64502
861,Kiran,96317
862,Hari,111289
863,Rohit,81650
864,Binod,109655
865,Ram,113619
866,Hari,87465
867,Rohit,100394
868,Hari,39618
869,Ram,78746
870,Binod,68352
871,Gita,101262
872,Gita,93371
873,Ram,63591
874,Kiran,56798
875,Anita,95154
876,Rohit,83125
877,Rohit,79882
878,Kiran,64727
879,Binod,74514
880,Rohit,83452
881,Anita,56647
882,Binod,86252
883,Ram,62262
884,Gita,87102
885,Sita,33349
886,Kiran,58966
887,Binod,63784
888,Rohit,101042
889,Sita,95911
890,Gita,44360
891,Gita,48294
892,Kiran,106243
893,Binod,81617
894,Binod,38299
895,Gita,109189
896,Gita,62344
897,Kiran,103345
898,Sita,52669
899,Binod,70655
900,Kiran,82592
901,Hari,89140
902,Rohit,88050
903,Binod,32478
904,Ram,98869
905,Gita,81469
906,Gita,81815
907,Binod,63011
908,Binod,43532
909,Gita,83992
910,Rohit,111666
911,Hari,82688
912,Rohit,118948
913,Rohit,108304
914,Rohit,30052
915,Ram,70503
916,Hari,73865
917,Hari,41882
918,Sita,109576
919,Hari,71158
920,Kiran,65065
921,Kiran,48695
922,Hari,52357
923,Kiran,55430
924,Binod,101480
925,Binod,103098
926,Rohit,45381
927,Gita,46206
928,Ram,54219
929,Ram,100575
930,Anita,37495
931,Anita,112388
932,Kiran,97856
933,Kiran,36209
934,Anita,43650
935,Rohit,32323
936,Ram,99114
937,Anita,74697
938,Gita,83802
939,Ram,76505
940,Gita,118776
941,Anita,63298
942,Binod,72018
943,Binod,54055
944,Sita,111299
945,Gita,46525
946,Sita,66120
947,Kiran,73852
948,Rohit,108788
949,Kiran,93096
950,Binod,33885
951,Kiran,37727
952,Ram,107641
953,Gita,92795
954,Gita,43008
955,Binod,101415
956,Ram,89972
957,Kiran,71679
958,Hari,69774
959,Hari,114260
960,Gita,52925
961,Kiran,104174
962,Sita,36972
963,Ram,112998
964,Sita,114196
965,Anita,110412
966,Anita,83398
967,Ram,50135
968,Rohit,43352
969,Gita,32589
970,Gita,49346
971,Hari,104524
972,Kiran,48765
973,Anita,60626
974,Kiran,36687
975,Gita,80622
976,Kiran,50308
977,Anita,106268
978,Kiran,34807
979,Binod,88649
980,Binod,35440
981,Kiran,33188
982,Gita,106760
983,Ram,76782
984,Hari,99435
985,Anita,30016
986,Hari,69562
987,Ram,77728
988,Rohit,53608
989,Binod,93477
990,Ram,74176
991,Gita,93812
992,Binod,35154
993,Anita,59860
994,Gita,74684
995,Sita,92324
996,Hari,33090
997,Sita,113111
998,Hari,93422
999,Hari,76167
1000,Sita,106715
1001,Binod,73800
1002,Sita,111336
1003,Gita,46899
1004,Kiran,103838
1005,Gita,49588
1006,Sita,88905
1007,Sita,105395
1008,Anita,40935
1009,Hari,95006
1010,Binod,30973
1011,Kiran,91578
1012,Gita,68560
1013,Ram,111232
1014,Anita,93083
1015,Gita,40673
1016,Kiran,35713
1017,Hari,58637
1018,Hari,102024
1019,Ram,108868
1020,Hari,90042
1021,Sita,101098
1022,Binod,37301
1023,Ram,86122
1024,Kiran,55363
1025,Hari,62742
1026,Ram,69102
1027,Anita,63321
1028,Sita,74355
1029,Anita,70113
1030,Ram,69322
1031,Rohit,99310
1032,Rohit,53632
1033,Ram,115943
1034,Kiran,83424
1035,Ram,92337
1036,Binod,90839
1037,Rohit,92010
1038,Gita,93925
1039,Ram,82061
1040,Rohit,70755
1041,Hari,106620
1042,Sita,34118
1043,Rohit,37519
1044,Gita,103876
1045,Binod,67544
1046,Gita,53016
1047,Gita,51848
1048,Binod,77573
1049,Ram,72668
1050,Hari,84391
1051,Binod,99888
1052,Gita,45510
1053,Sita,93957
1054,Rohit,114097
1055,Gita,50010
1056,Anita,42505
1057,Rohit,90964
1058,Hari,50492
1059,Hari,62755
1060,Binod,86778
1061,Gita,70189
1062,Anita,55842
1063,Rohit,82973
1064,Ram,93359
1065,Hari,58881
1066,Binod,51962
1067,Rohit,37422
1068,Sita,111431
1069,Hari,90904
1070,Rohit,83082
1071,Sita,57807
1072,Anita,67969
1073,Ram,97468
1074,Hari,119575
1075,Anita,113705
1076,Anita,96546
1077,Rohit,97172
1078,Kiran,119910
1079,Kiran,41362
1080,Sita,85966
1081,Anita,81010
1082,Hari,77266
1083,Gita,73705
1084,Kiran,119411
1085,Hari,47188
1086,Binod,96246
1087,Rohit,61932
1088,Kiran,114146
1089,Rohit,48860
1090,Hari,59776
1091,Rohit,89311
1092,Ram,59006
1093,Binod,30526
1094,Gita,116403
1095,Sita,35142
1096,Binod,64379
1097,Sita,114468
1098,Binod,40167
1099,Rohit,53905
1100,Sita,62313
1101,Sita,71136
1102,Gita,40342
1103,Sita,103734
1104,Anita,89433
1105,Anita,47607
1106,Kiran,55969
1107,Ram,41266
1108,Anita,36166
1109,Binod,114659
1110,Binod,114193
1111,Binod,83122
1112,Hari,65873
1113,Binod,118909
1114,Rohit,114855
1115,Gita,67542
1116,Hari,76729
1117,Gita,108265
1118,Rohit,82698
1119,Sita,31869
1120,Rohit,111223
1121,Sita,34038
1122,Hari,39123
1123,Rohit,36250
1124,Rohit,30737
1125,Sita,71202
1126,Ram,94184
1127,Kiran,47978
1128,Hari,53823
1129,Rohit,70093
1130,Anita,98495
1131,Rohit,62950
1132,Anita,95703
1133,Kiran,55966
1134,Anita,114668
1135,Sita,97865
1136,Ram,105305
1137,Kiran,64415
1138,Kiran,108710
1139,Anita,89723
1140,Rohit,54360
1141,Binod,35146
1142,Kiran,34358
1143,Rohit,117457
1144,Rohit,70939
1145,Hari,46633
1146,Sita,65763
1147,Hari,103074
1148,Gita,79049
1149,Ram,69171
1150,Anita,38541
1151,Hari,76856
1152,Rohit,84171
1153,Rohit,71762
1154,Hari,41933
1155,Binod,92898
1156,Hari,44910
1157,Sita,102953
1158,Ram,66918
1159,Ram,81419
1160,Rohit,94777
1161,Rohit,87540
1162,Sita,76166
1163,Gita,58612
1164,Binod,56829
1165,Binod,55560
1166,Rohit,59166
1167,Rohit,57198
1168,Rohit,107556
1169,Gita,37707
1170,Ram,42459
1171,Ram,57165
1172,Hari,79416
1173,Gita,93667
1174,Sita,67979
1175,Sita,46758
1176,Hari,111596
1177,Anita,95179
1178,Sita,93392
1179,Binod,46739
1180,Hari,32167
1181,Rohit,88067
1182,Binod,103596
1183,Binod,114921
1184,Sita,89141
1185,Binod,83037
1186,Kiran,73671
1187,Kiran,88790
1188,Rohit,119917
1189,Sita,114318
1190,Ram,113523
1191,Anita,91819
1192,Gita,100435
1193,Hari,64804
1194,Gita,40262
1195,Sita,65851
1196,Anita,99631
1197,Ram,116128
1198,Gita,54607
1199,Anita,89174
1200,Ram,50067
1201,Sita,96645
1202,Rohit,36416
1203,Rohit,46530
1204,Kiran,55200
1205,Hari,88227
1206,Kiran,116605
1207,Binod,102597
1208,Rohit,101884
1209,Gita,56582
1210,Hari,80914
1211,Kiran,76821
1212,Rohit,82971
1213,Ram,66437
1214,Anita,109482
1215,Ram,47919
1216,Anita,85208
1217,Gita,93550
1218,Kiran,63885
1219,Ram,78803
1220,Sita,70077
1221,Rohit,33224
1222,Ram,78844
1223,Hari,83265
1224,Rohit,98328
1225,Hari,44132
1226,Binod,116980
1227,Kiran,31257
1228,Ram,119175
1229,Kiran,31126
1230,Rohit,48910
1231,Anita,111674
1232,Ram,85161
1233,Kiran,75046
1234,Gita,80987
1235,Ram,59444
1236,Hari,64837
1237,Hari,110839
1238,Rohit,62315
1239,Rohit,84135
1240,Rohit,105786
1241,Gita,84662
1242,Rohit,71294
1243,Gita,117940
1244,Hari,58861
1245,Hari,96091
1246,Kiran,118855
1247,Gita,57599
1248,Ram,72408
1249,Anita,106209
1250,Binod,106359
1251,Gita,51416
1252,Rohit,113912
1253,Hari,72922
1254,Hari,94833
1255,Rohit,86826
1256,Anita,114382
1257,Kiran,114894
1258,Gita,37382
1259,Anita,73335
1260,Gita,43686
1261,Gita,118938
1262,Anita,107474
1263,Hari,79725
1264,Sita,114056
1265,Kiran,97729
1266,Sita,80983
1267,Kiran,96438
1268,Gita,49371
1269,Kiran,45797
1270,Hari,42613
1271,Hari,101835
1272,Hari,108608
1273,Binod,115320
1274,Anita,116085
1275,Binod,31583
1276,Sita,46298
1277,Hari,119851
1278,Sita,49667
1279,Anita,57264
1280,Rohit,75342
1281,Ram,62541
1282,Gita,37152
1283,Gita,49014
1284,Rohit,79577
1285,Rohit,34910
1286,Gita,44981
1287,Hari,83472
1288,Anita,79491
1289,Anita,75749
1290,Rohit,88776
1291,Ram,97240
1292,Kiran,102034
1293,Gita,106456
1294,Kiran,49275
1295,Gita,34886
1296,Hari,94504
1297,Hari,80187
1298,Binod,104990
1299,Kiran,86733
1300,Hari,96676
1301,Binod,119699
1302,Sita,56595
1303,Binod,115615
1304,Binod,70327
1305,Rohit,60969
1306,Kiran,46679
1307,Rohit,76388
1308,Anita,77863
1309,Binod,80643
1310,Kiran,60802
1311,Anita,103054
1312,Rohit,48299
1313,Gita,109062
1314,Kiran,81870
1315,Sita,48813
1316,Rohit,83839
1317,Sita,39783
1318,Anita,74125
1319,Gita,63226
1320,Ram,114494
1321,Anita,56256
1322,Kiran,32046
1323,Ram,35237
1324,Anita,79197
1325,Anita,87075
1326,Ram,81455
1327,Anita,54460
1328,Gita,62418
1329,Ram,88631
1330,Anita,62513
1331,Rohit,91002
1332,Hari,53192
1333,Binod,30594
1334,Ram,118930
1335,Sita,66278
1336,Binod,51194
1337,Anita,53825
1338,Anita,104191
1339,Ram,35793
1340,Binod,76314
1341,Kiran,98209
1342,Sita,90144
1343,Anita,32775
1344,Kiran,58333
1345,Hari,103172
1346,Anita,46556
1347,Rohit,95915
1348,Kiran,103074
1349,Kiran,31640
1350,Gita,67816
1351,Sita,97461
1352,Ram,71460
1353,Hari,65101
1354,Hari,111572
1355,Kiran,65370
1356,Binod,53267
1357,Gita,79990
1358,Hari,57415
1359,Gita,75905
1360,Kiran,101745
1361,Kiran,118957
1362,Binod,104085
1363,Gita,75290
1364,Sita,59340
1365,Rohit,44744
1366,Gita,60307
1367,Binod,109859
1368,Ram,81058
1369,Sita,104685
1370,Anita,63578
1371,Ram,87306
1372,Binod,114237
1373,Rohit,53335
1374,Gita,42088
1375,Ram,101603
1376,Gita,40813
1377,Binod,90534
1378,Binod,56113
1379,Gita,63941
1380,Anita,58082
1381,Anita,100288
1382,Sita,70829
1383,Binod,91212
1384,Ram,82409
1385,Hari,41183
1386,Anita,86082
1387,Kiran,82331
1388,Rohit,44725
1389,Anita,99067
1390,Binod,67953
1391,Anita,85158
1392,Rohit,114089
1393,Hari,73374
1394,Anita,113433
1395,Rohit,91157
1396,Anita,44605
1397,Kiran,91917
1398,Sita,67223
1399,Kiran,46414
1400,Binod,78655
1401,Gita,83053
1402,Ram,85957
1403,Gita,104321
1404,Kiran,34820
1405,Gita,78088
1406,Hari,96924
1407,Sita,43186
1408,Hari,47072
1409,Anita,32001
1410,Kiran,104729
1411,Rohit,42018
1412,Binod,45982
1413,Kiran,111459
1414,Rohit,30334
1415,Ram,59614
1416,Sita,94570
1417,Hari,119193
1418,Sita,51850
1419,Rohit,90290
1420,Anita,116319
1421,Gita,109213
1422,Kiran,92883
1423,Sita,99868
1424,Kiran,46848
1425,Rohit,50853
1426,Binod,37360
1427,Sita,56873
1428,Anita,39508
1429,Ram,38304
1430,Gita,44943
1431,Sita,107443
1432,Kiran,33086
1433,Gita,51802
1434,Kiran,116547
1435,Rohit,69295
1436,Gita,101225
1437,Anita,100661
1438,Gita,111400
1439,Binod,96382
1440,Kiran,108872
1441,Hari,42182
1442,Hari,109599
1443,Binod,31179
1444,Binod,46446
1445,Gita,58235
1446,Ram,110146
1447,Binod,61689
1448,Kiran,107750
1449,Hari,89064
1450,Anita,118415
1451,Kiran,34348
1452,Kiran,106969
1453,Sita,108460
1454,Hari,95589
1455,Binod,31951
1456,Gita,110464
1457,Kiran,47473
1458,Binod,64659
1459,Ram,36518
1460,Hari,108883
1461,Hari,68408
1462,Hari,103817
1463,Hari,37115
1464,Sita,58352
1465,Anita,30082
1466,Kiran,96890
1467,Ram,102654
1468,Anita,89073
1469,Sita,90122
1470,Rohit,109461
1471,Ram,41644
1472,Sita,96531
1473,Binod,114657
1474,Binod,58534
1475,Sita,57290
1476,Rohit,86101
1477,Anita,91807
1478,Rohit,62208
1479,Ram,84490
1480,Rohit,52113
1481,Rohit,35652
1482,Rohit,63137
1483,Rohit,41658
1484,Anita,91929
1485,Hari,53003
1486,Hari,117298
1487,Gita,104153
1488,Hari,36438
1489,Anita,98249
1490,Kiran,89783
1491,Sita,110961
1492,Gita,91604
1493,Binod,81431
1494,Sita,64584
1495,Gita,93084
1496,Ram,75161
1497,Kiran,39798
1498,Rohit,73132
1499,Kiran,78868
1500,Sita,114124
1501,Gita,54986
1502,Kiran,92498
1503,Rohit,113695
1504,Binod,48617
1505,Gita,84741
1506,Kiran,83580
1507,Hari,70251
1508,Rohit,73985
1509,Binod,61182
1510,Anita,55834
1511,Kiran,39133
1512,Gita,45802
1513,Binod,81385
1514,Ram,41672
1515,Kiran,70778
1516,Gita,65969
1517,Gita,96231
1518,Ram,114846
1519,Binod,119654
1520,Hari,85437
1521,Binod,48188
1522,Ram,32028
1523,Hari,56262
1524,Binod,45167
1525,Gita,74625
1526,Rohit,72631
1527,Sita,109609
1528,Kiran,35313
1529,Rohit,94668
1530,Anita,96679
1531,Gita,42002
1532,Gita,45091
1533,Ram,87339
1534,Rohit,55427
1535,Binod,55324
1536,Kiran,39114
1537,Ram,98933
1538,Hari,113315
1539,Gita,40738
1540,Hari,56902
1541,Kiran,117560
1542,Sita,33349
1543,Gita,86601
1544,Anita,76777
1545,Ram,67522
1546,Ram,114778
1547,Sita,111830
1548,Anita,57569
1549,Ram,91724
1550,Ram,43944
1551,Hari,75808
1552,Rohit,99874
1553,Gita,74629
1554,Rohit,97784
1555,Ram,78727
1556,Ram,112412
1557,Anita,86611
1558,Kiran,36073
1559,Binod,105183
1560,Binod,73308
1561,Ram,52971
1562,Hari,38219
1563,Kiran,119459
1564,Binod,38026
1565,Sita,64667
1566,Ram,51866
1567,Kiran,61113
1568,Sita,82541
1569,Sita,47704
1570,Ram,100123
1571,Anita,62941
1572,Ram,113514
1573,Sita,81940
1574,Kiran,67449
1575,Kiran,58059
1576,Binod,69958
1577,Gita,39724
1578,Kiran,59662
1579,Gita,31649
1580,Sita,36633
1581,Sita,73466
1582,Ram,30870
1583,Sita,86340
1584,Kiran,103970
1585,Anita,88583
1586,Kiran,109397
1587,Sita,61940
1588,Gita,90758
1589,Hari,79880
1590,Gita,51489
1591,Rohit,98209
1592,Binod,96300
1593,Kiran,94541
1594,Sita,61147
1595,Gita,67614
1596,Binod,71323
1597,Binod,82685
1598,Binod,37668
1599,Ram,34590
1600,Binod,92440
1601,Ram,65175
1602,Ram,53715
1603,Kiran,100730
1604,Kiran,81364
1605,Gita,78061
1606,Rohit,76826
1607,Hari,64798
1608,Ram,103492
1609,Hari,94323
1610,Kiran,55558
1611,Gita,37368
1612,Anita,48668
1613,Binod,56152
1614,Kiran,53451
1615,Anita,53683
1616,Hari,70993
1617,Binod,105184
1618,Rohit,39490
1619,Gita,108345
1620,Binod,78888
1621,Sita,35805
1622,Gita,111142
1623,Ram,107487
1624,Binod,108159
1625,Binod,68397
1626,Rohit,89176
1627,Sita,104033
1628,Rohit,66083
1629,Anita,113704
1630,Rohit,103334
1631,Anita,106543
1632,Anita,61674
1633,Binod,77371
1634,Binod,54516
1635,Hari,100776
1636,Anita,79247
1637,Sita,34396
1638,Binod,43186
1639,Anita,51874
1640,Anita,72995
1641,Ram,77235
1642,Anita,46189
1643,Ram,54951
1644,Rohit,103457
1645,Kiran,101241
1646,Rohit,60722
1647,Anita,99057
1648,Binod,75575
1649,Rohit,56817
1650,Gita,50915
1651,Sita,36789
1652,Kiran,52013
1653,Ram,46706
1654,Sita,61671
1655,Gita,98086
1656,Rohit,108216
1657,Rohit,76957
1658,Hari,49133
1659,Ram,58090
1660,Kiran,52241
1661,Sita,57749
1662,Anita,67670
1663,Rohit,30003
1664,Binod,116776
1665,Binod,90743
1666,Kiran,95076
1667,Gita,54456
1668,Ram,37367
1669,Kiran,107208
1670,Sita,105554
1671,Binod,54140
1672,Ram,45249
1673,Binod,80128
1674,Gita,108165
1675,Hari,96781
1676,Binod,48879
1677,Rohit,87160
1678,Kiran,84799
1679,Kiran,116352
1680,Sita,63812
1681,Rohit,107892
1682,Hari,70091
1683,Kiran,39035
1684,Kiran,69854
1685,Sita,95389
1686,Rohit,117048
1687,Hari,52570
1688,Gita,37825
1689,Rohit,83155
1690,Anita,39500
1691,Ram,55771
1692,Gita,38669
1693,Anita,85189
1694,Rohit,104539
1695,Gita,35641
1696,Hari,56128
1697,Gita,116311
1698,Anita,99792
1699,Rohit,109778
1700,Hari,52904
1701,Sita,34414
1702,Gita,116648
1703,Gita,73224
1704,Hari,71507
1705,Binod,89206
1706,Kiran,64359
1707,Gita,95576
1708,Kiran,61638
1709,Hari,109155
1710,Ram,64333
1711,Anita,87390
1712,Kiran,58939
1713,Sita,108561
1714,Binod,55616
1715,Ram,76996
1716,Sita,116139
1717,Ram,114336
1718,Ram,47263
1719,Anita,33132
1720,Kiran,51447
1721,Sita,73825
1722,Binod,88617
1723,Anita,40181
1724,Sita,84323
1725,Gita,89952
1726,Ram,94343
1727,Gita,105619
1728,Sita,106148
1729,Gita,116574
1730,Hari,62907
1731,Sita,93102
1732,Sita,56310
1733,Anita,95085
1734,Binod,55752
1735,Hari,101587
1736,Binod,52950
1737,Kiran,73285
1738,Binod,113413
1739,Binod,96224
1740,Ram,98472
1741,Hari,69329
1742,Anita,33393
1743,Hari,54697
1744,Kiran,105250
1745,Hari,72080
1746,Anita,88586
1747,Sita,62231
1748,Kiran,73413
1749,Sita,87849
1750,Anita,46369
1751,Sita,84863
1752,Sita,113691
1753,Hari,72974
1754,Hari,96830
1755,Ram,106596
1756,Gita,85376
1757,Binod,104856
1758,Ram,99693
1759,Rohit,86044
1760,Ram,51381
1761,Anita,97050
1762,Kiran,108665
1763,Rohit,86861
1764,Rohit,74022
1765,Kiran,109996
1766,Hari,41840
1767,Rohit,76736
1768,Rohit,52340
1769,Gita,43390
1770,Gita,63011
1771,Gita,59385
1772,Hari,97193
1773,Anita,52345
1774,Hari,67794
1775,Kiran,59751
1776,Rohit,119046
1777,Hari,81909
1778,Hari,33123
1779,Rohit,34687
1780,Kiran,77219
1781,Gita,34167
1782,Hari,119753
1783,Sita,70934
1784,Anita,93220
1785,Kiran,107994
1786,Rohit,38868
1787,Kiran,87573
1788,Ram,81644
1789,Binod,68806
1790,Sita,113910
1791,Ram,90301
1792,Hari,39805
1793,Hari,83155
1794,Sita,80404
1795,Kiran,70373
1796,Kiran,58890
1797,Rohit,62828
1798,Binod,48421
1799,Ram,37373
1800,Kiran,68370
1801,Sita,37275
1802,Anita,116231
1803,Ram,77931
1804,Kiran,83392
1805,Anita,30182
1806,Hari,85961
1807,Sita,101534
1808,Kiran,83940
1809,Kiran,118268
1810,Anita,82114
1811,Ram,77110
1812,Sita,63467
1813,Ram,37673
1814,Anita,109317
1815,Gita,37934
1816,Anita,111145
1817,Anita,102853
1818,Rohit,104883
1819,Rohit,113055
1820,Binod,109119
1821,Binod,60868
1822,Anita,97078
1823,Anita,103864
1824,Hari,67056
1825,Anita,97793
1826,Binod,76269
1827,Kiran,103030
1828,Gita,91728
1829,Anita,51893
1830,Rohit,86754
1831,Rohit,35064
1832,Anita,106412
1833,Rohit,34712
1834,Gita,110983
1835,Anita,58046
1836,Kiran,107420
1837,Anita,52971
1838,Hari,32459
1839,Binod,39166
1840,Kiran,35930
1841,Gita,119831
1842,Gita,63454
1843,Anita,58849
1844,Sita,74761
1845,Anita,47981
1846,Rohit,59010
1847,Rohit,117005
1848,Gita,108133
1849,Kiran,44663
1850,Hari,53584
1851,Sita,76909
1852,Hari,111695
1853,Hari,49674
1854,Ram,62204
1855,Anita,92223
1856,Hari,62699
1857,Rohit,70400
1858,Binod,119071
1859,Ram,106886
1860,Kiran,72855
1861,Gita,43664
1862,Sita,87479
1863,Gita,48526
1864,Sita,40905
1865,Kiran,51766
1866,Kiran,112434
1867,Sita,73888
1868,Kiran,99196
1869,Rohit,84278
1870,Kiran,62596
1871,Rohit,97128
1872,Anita,42891
1873,Hari,86467
1874,Gita,91949
1875,Gita,70835
1876,Kiran,47278
1877,Anita,47953
1878,Anita,101702
1879,Ram,89196
1880,Sita,30466
1881,Gita,57531
1882,Ram,68055
1883,Ram,100676
1884,Rohit,90056
1885,Rohit,39968
1886,Gita,79632
1887,Rohit,67993
1888,Hari,78059
1889,Binod,103675
1890,Kiran,34252
1891,Sita,82056
1892,Anita,60033
1893,Sita,93026
1894,Hari,52692
1895,Hari,68203
1896,Sita,54876
1897,Gita,108629
1898,Kiran,62857
1899,Rohit,92633
1900,Sita,81906
1901,Ram,46932
1902,Gita,86365
1903,Sita,78214
1904,Binod,82535
1905,Hari,42390
1906,Hari,50908
1907,Ram,60158
1908,Gita,33844
1909,Sita,48116
1910,Sita,69938
1911,Anita,72868
1912,Kiran,45760
1913,Sita,36768
1914,Ram,35770
1915,Rohit,59727
1916,Hari,49161
1917,Gita,84009
1918,Gita,84482
1919,Ram,69905
1920,Binod,60742
1921,Binod,76793
1922,Rohit,69042
1923,Binod,85974
1924,Kiran,55165
1925,Anita,118339
1926,Rohit,54520
1927,Rohit,60652
1928,Binod,106214
1929,Rohit,91240
1930,Kiran,54462
1931,Hari,111889
1932,Rohit,101296
1933,Anita,59296
1934,Sita,75455
1935,Binod,100499
1936,Rohit,45902
1937,Sita,30419
1938,Anita,70120
1939,Kiran,110178
1940,Rohit,41315
1941,Gita,103756
1942,Gita,62322
1943,Sita,63810
1944,Rohit,78719
1945,Kiran,80538
1946,Hari,101777
1947,Ram,79119
1948,Rohit,96301
1949,Binod,106459
1950,Anita,30286
1951,Kiran,119310
1952,Gita,40094
1953,Ram,67241
1954,Rohit,114519
1955,Ram,112985
1956,Kiran,90733
1957,Anita,84222
1958,Binod,111553
1959,Gita,103363
1960,Kiran,114151
1961,Kiran,85994
1962,Rohit,57564
1963,Binod,92676
1964,Gita,114698
1965,Rohit,106099
1966,Kiran,31770
1967,Sita,64803
1968,Binod,75424
1969,Ram,47078
1970,Hari,111202
1971,Anita,60976
1972,Anita,96662
1973,Ram,85036
1974,Gita,30222
1975,Ram,75639
1976,Hari,44139
1977,Ram,103498
1978,Anita,38656
1979,Binod,109719
1980,Ram,104112
1981,Anita,32970
1982,Sita,33555
1983,Ram,43115
1984,Hari,79429
1985,Ram,60254
1986,Anita,117297
1987,Rohit,35536
1988,Hari,45600
1989,Hari,112046
1990,Hari,30231
1991,Kiran,43195
1992,Ram,50222
1993,Gita,96701
1994,Binod,103527
1995,Hari,38808
1996,Ram,111137
1997,Gita,66551
1998,Hari,91506
1999,Rohit,82498
2000,Anita,76501
2001,Ram,42148
2002,Rohit,35527
2003,Kiran,91135
2004,Binod,89467
2005,Sita,34592
2006,Gita,102571
2007,Binod,40558
2008,Kiran,55365
2009,Ram,51384
2010,Rohit,33904
2011,Sita,107009
2012,Ram,81507
2013,Kiran,64850
2014,Ram,108534
2015,Hari,76862
2016,Rohit,106577
2017,Gita,42957
2018,Anita,39499
2019,Anita,30542
2020,Ram,115048
2021,Ram,101114
2022,Hari,102284
2023,Sita,87644
2024,Hari,35936
2025,Kiran,37609
2026,Anita,75412
2027,Anita,98896
2028,Anita,47656
2029,Binod,93289
2030,Binod,34961
2031,Ram,92310
2032,Rohit,117953
2033,Rohit,41225
2034,Ram,84786
2035,Kiran,64837
2036,Gita,100359
2037,Ram,41848
2038,Kiran,50081
2039,Gita,87845
2040,Kiran,74139
2041,Hari,43344
2042,Sita,111499
2043,Ram,49410
2044,Gita,33473
2045,Hari,59580
2046,Ram,108912
2047,Hari,69545
2048,Anita,72174
2049,Rohit,105266
2050,Rohit,74181
2051,Gita,118652
2052,Gita,73449
2053,Gita,83135
2054,Gita,84749
2055,Sita,58774
2056,Gita,98772
2057,Ram,108302
2058,Binod,117210
2059,Sita,53056
2060,Ram,95262
2061,Anita,119420
2062,Binod,112151
2063,Rohit,46705
2064,Anita,75652
2065,Binod,91049
2066,Gita,80302
2067,Hari,86608
2068,Gita,89001
2069,Ram,100007
2070,Kiran,99311
2071,Sita,45114
2072,Rohit,43113
2073,Hari,37103
2074,Gita,117630
2075,Gita,82499
2076,Gita,53225
2077,Rohit,35830
2078,Gita,81410
2079,Gita,105227
2080,Rohit,47795
2081,Gita,102705
2082,Hari,30576
2083,Anita,46853
2084,Ram,109430
2085,Rohit,75302
2086,Gita,115627
2087,Anita,50921
2088,Gita,42477
2089,Binod,31273
2090,Binod,68705
2091,Gita,88548
2092,Ram,114234
2093,Sita,63215
2094,Kiran,66520
2095,Kiran,119047
2096,Hari,42035
2097,Gita,31370
2098,Kiran,118764
2099,Binod,35040
2100,Gita,61640
2101,Kiran,33484
2102,Sita,52634
2103,Sita,41506
2104,Ram,101629
2105,Sita,94115
2106,Hari,91608
2107,Kiran,48272
2108,Ram,97533
2109,Hari,47811
2110,Kiran,53315
2111,Anita,107911
2112,Binod,119615
2113,Gita,84255
2114,Sita,87228
2115,Hari,62291
2116,Anita,70545
2117,Rohit,111169
2118,Binod,108778
2119,Binod,54846
2120,Hari,67942
2121,Anita,104011
2122,Kiran,43108
2123,Hari,43761
2124,Binod,55940
2125,Rohit,105417
2126,Anita,48056
2127,Gita,55769
2128,Anita,65419
2129,Hari,72148
2130,Ram,38723
2131,Hari,67298
2132,Binod,89402
2133,Binod,91141
2134,Sita,89544
2135,Kiran,59282
2136,Ram,104466
2137,Anita,47510
2138,Anita,37318
2139,Sita,50563
2140,Gita,119573
2141,Kiran,110140
2142,Binod,99472
2143,Binod,44631
2144,Kiran,102163
2145,Hari,76230
2146,Binod,61992
2147,Rohit,48869
2148,Kiran,81553
2149,Rohit,58219
2150,Kiran,77681
2151,Hari,111110
2152,Hari,61560
2153,Ram,69520
2154,Hari,117435
2155,Hari,76394
2156,Gita,100849
2157,Ram,101594
2158,Rohit,76573
2159,Kiran,40976
2160,Hari,108905
2161,Anita,45323
2162,Gita,69956
2163,Rohit,30080
2164,Kiran,98155
2165,Anita,56782
2166,Kiran,116109
2167,Binod,68709
2168,Rohit,49672
2169,Kiran,32771
2170,Kiran,117894
2171,Ram,110766
2172,Ram,87238
2173,Hari,96026
2174,Rohit,114268
2175,Gita,40017
2176,Hari,84825
2177,Gita,40804
2178,Gita,32905
2179,Anita,107052
2180,Ram,78764
2181,Ram,39771
2182,Ram,113045
2183,Rohit,80575
2184,Binod,74746
2185,Rohit,48042
2186,Binod,61832
2187,Anita,61564
2188,Anita,61964
2189,Anita,113554
2190,Hari,46021
2191,Kiran,85380
2192,Rohit,70693
2193,Ram,78104
2194,Kiran,90585
2195,Sita,64237
2196,Rohit,103883
2197,Sita,68690
2198,Sita,54494
2199,Binod,68382
2200,Hari,37739
2201,Gita,89932
2202,Rohit,35634
2203,Rohit,48779
2204,Binod,110610
2205,Gita,91613
2206,Binod,45970
2207,Ram,35798
2208,Rohit,92379
2209,Binod,119660
2210,Binod,33313
2211,Kiran,89370
2212,Rohit,37640
2213,Binod,56910
2214,Gita,103650
2215,Ram,89661
2216,Hari,57845
2217,Binod,115555
2218,Sita,88101
2219,Sita,115052
2220,Hari,56055
2221,Sita,65525
2222,Ram,104204
2223,Rohit,56071
2224,Anita,70918
2225,Rohit,116337
2226,Kiran,96801
2227,Hari,70548
2228,Hari,112332
2229,Kiran,101290
2230,Kiran,93331
2231,Anita,37730
2232,Kiran,48642
2233,Binod,82133
2234,Anita,79674
2235,Hari,114243
2236,Kiran,117566
2237,Rohit,85563
2238,Gita,116832
2239,Binod,114472
2240,Binod,97056
2241,Rohit,87550
2242,Hari,95654
2243,Ram,100619
2244,Kiran,71600
2245,Hari,51524
2246,Kiran,39689
2247,Rohit,115853
2248,Gita,86662
2249,Sita,39345
2250,Anita,74789
2251,Sita,31423
2252,Anita,119701
2253,Kiran,113709
2254,Ram,48325
2255,Rohit,97309
2256,Ram,51058
2257,Binod,79666
2258,Rohit,119455
2259,Anita,56996
2260,Kiran,50937
2261,Kiran,117719
2262,Hari,104776
2263,Anita,60730
2264,Ram,39174
2265,Gita,86222
2266,Kiran,50205
2267,Binod,58488
2268,Binod,74482
2269,Binod,36679
2270,Sita,40465
2271,Anita,70738
2272,Rohit,108638
2273,Rohit,118016
2274,Rohit,70592
2275,Sita,72631
2276,Gita,45056
2277,Sita,53415
2278,Ram,39307
2279,Rohit,92538
2280,Gita,95628
2281,Rohit,94018
2282,Binod,105845
2283,Hari,51363
2284,Gita,34268
2285,Ram,38402
2286,Kiran,83865
2287,Gita,31297
2288,Rohit,44872
2289,Kiran,67132
2290,Ram,115182
2291,Sita,76054
2292,Gita,99805
2293,Hari,39265
2294,Rohit,95194
2295,Kiran,53686
2296,Ram,62099
2297,Ram,103591
2298,Anita,57637
2299,Anita,39884
2300,Sita,119290
2301,Gita,40382
2302,Rohit,41139
2303,Rohit,71232
2304,Binod,68812
2305,Rohit,76759
2306,Gita,52981
2307,Hari,53501
2308,Hari,37769
2309,Binod,81990
2310,Rohit,82754
2311,Anita,93012
2312,Hari,109939
2313,Rohit,49543
2314,Hari,52571
2315,Binod,82474
2316,Anita,49488
2317,Sita,108252
2318,Binod,57022
2319,Gita,100055
2320,Sita,66850
2321,Hari,31843
2322,Rohit,54894
2323,Sita,70799
2324,Rohit,78357
2325,Rohit,95771
2326,Anita,80593
2327,Gita,116595
2328,Anita,44132
2329,Ram,92588
2330,Ram,80998
2331,Hari,67257
2332,Anita,65322
2333,Sita,49213
2334,Sita,35731
2335,Anita,115209
2336,Hari,33789
2337,Kiran,53215
2338,Rohit,107197
2339,Rohit,66739
2340,Sita,37438
2341,Sita,56974
2342,Ram,79544
2343,Rohit,54537
2344,Hari,68553
2345,Anita,43686
2346,Ram,84712
2347,Rohit,97907
2348,Anita,68144
2349,Gita,51643
2350,Rohit,46749
2351,Gita,110326
2352,Ram,79405
2353,Anita,38194
2354,Gita,67501
2355,Sita,38824
2356,Gita,98652
2357,Ram,38261
2358,Ram,71239
2359,Ram,109930
2360,Ram,102510
2361,Rohit,99793
2362,Hari,71416
2363,Rohit,117083
2364,Binod,64529
2365,Binod,83196
2366,Hari,84263
2367,Sita,65200
2368,Anita,106028
2369,Ram,77417
2370,Sita,99653
2371,Hari,59054
2372,Anita,93537
2373,Sita,85135
2374,Hari,103773
2375,Ram,67165
2376,Ram,96876
2377,Hari,119704
2378,Gita,48913
2379,Binod,91525
2380,Rohit,68067
2381,Anita,95069
2382,Rohit,72996
2383,Binod,91505
2384,Ram,56331
2385,Sita,98593
2386,Binod,50294
2387,Rohit,69506
2388,Sita,106250
2389,Ram,50515
2390,Sita,33404
2391,Kiran,108427
2392,Sita,66044
2393,Hari,83500
2394,Rohit,87568
2395,Binod,36872
2396,Sita,62428
2397,Binod,36755
2398,Sita,102036
2399,Kiran,61053
2400,Anita,46362
2401,Sita,51417
2402,Binod,34871
2403,Rohit,86976
2404,Anita,58307
2405,Binod,119577
2406,Anita,61802
2407,Gita,57810
2408,Rohit,79945
2409,Hari,89141
2410,Kiran,42674
2411,Gita,92856
2412,Anita,113397
2413,Gita,43713
2414,Sita,119118
2415,Hari,43761
2416,Kiran,64772
2417,Rohit,49686
2418,Anita,91985
2419,Hari,96777
2420,Kiran,105365
2421,Ram,90592
2422,Rohit,91257
2423,Kiran,113325
2424,Anita,89138
2425,Gita,85259
2426,Kiran,47183
2427,Sita,118968
2428,Gita,58092
2429,Binod,65468
2430,Kiran,66607
2431,Anita,35430
2432,Rohit,64308
2433,Kiran,109109
2434,Sita,78003
2435,Binod,55530
2436,Sita,36760
2437,Anita,114675
2438,Anita,104317
2439,Sita,48745
2440,Kiran,92551
2441,Ram,89743
2442,Anita,34356
2443,Anita,115595
2444,Ram,30081
2445,Ram,92522
2446,Gita,34219
2447,Binod,111717
2448,Rohit,35693
2449,Kiran,56983
2450,Anita,52974
2451,Gita,107600
2452,Anita,82300
2453,Ram,39767
2454,Binod,76344
2455,Binod,86142
2456,Rohit,66530
2457,Sita,86013
2458,Kiran,91129
2459,Kiran,116125
2460,Ram,55414
2461,Hari,51600
2462,Kiran,109468
2463,Hari,68802
2464,Hari,117725
2465,Rohit,114280
2466,Anita,108165
2467,Sita,95620
2468,Kiran,64366
2469,Binod,50241
2470,Anita,110314
2471,Sita,112694
2472,Rohit,41874
2473,Gita,39564
2474,Sita,43751
2475,Binod,50246
2476,Rohit,117070
2477,Gita,60988
2478,Binod,70159
2479,Hari,103615
2480,Rohit,105566
2481,Rohit,79107
2482,Binod,114135
2483,Kiran,96499
2484,Kiran,100756
2485,Ram,56841
2486,Ram,36542
2487,Anita,59862
2488,Gita,75525
2489,Rohit,64464
2490,Binod,36228
2491,Ram,96395
2492,Binod,79999
2493,Kiran,105814
2494,Sita,35787
2495,Hari,93153
2496,Ram,59130
2497,Sita,95396
2498,Kiran,99390
2499,Hari,88822
2500,Ram,54303
2501,Rohit,88271
2502,Binod,48140
2503,Ram,81313
2504,Hari,72242
2505,Sita,81000
2506,Anita,84067
2507,Binod,82949
2508,Sita,76371
2509,Sita,103585
2510,Ram,88978
2511,Hari,99664
2512,Sita,64188
2513,Binod,31579
2514,Sita,90885
2515,Anita,77486
2516,Rohit,103718
2517,Gita,118237
2518,Hari,101807
2519,Kiran,88129
2520,Binod,109847
2521,Rohit,42726
2522,Hari,72622
2523,Anita,31276
2524,Anita,66596
2525,Anita,93829
2526,Kiran,118560
2527,Kiran,84984
2528,Kiran,79859
2529,Kiran,47480
2530,Ram,68835
2531,Rohit,57311
2532,Anita,80251
2533,Sita,42442
2534,Kiran,78701
2535,Hari,91416
2536,Rohit,51020
2537,Sita,98417
2538,Hari,109195
2539,Hari,68150
2540,Rohit,86402
2541,Sita,115857
2542,Anita,117329
2543,Rohit,44009
2544,Hari,92275
2545,Binod,117749
2546,Binod,70634
2547,Gita,92388
2548,Ram,43935
2549,Rohit,54480
2550,Ram,79084
2551,Anita,79332
2552,Ram,74161
2553,Ram,108144
2554,Anita,59002
2555,Gita,103910
2556,Ram,40725
2557,Hari,77077
2558,Hari,43420
2559,Hari,62048
2560,Sita,113496
2561,Hari,85488
2562,Rohit,53157
2563,Sita,37749
2564,Gita,107759
2565,Gita,30377
2566,Kiran,113246
2567,Rohit,32399
2568,Rohit,76789
2569,Kiran,102711
2570,Rohit,90744
2571,Rohit,64105
2572,Binod,34982
2573,Hari,63844
2574,Binod,100330
2575,Kiran,57030
2576,Ram,81429
2577,Anita,79049
2578,Kiran,46477
2579,Kiran,92983
2580,Ram,30135
2581,Ram,43926
2582,Kiran,85534
2583,Binod,104354
2584,Hari,78380
2585,Ram,64675
2586,Binod,100184
2587,Kiran,55804
2588,Hari,61813
2589,Hari,83284
2590,Binod,30724
2591,Gita,73507
2592,Kiran,51519
2593,Kiran,42650
2594,Hari,68046
2595,Rohit,53025
2596,Hari,116494
2597,Ram,70862
2598,Kiran,41927
2599,Binod,37355
2600,Anita,88045
2601,Anita,115014
2602,Hari,110091
2603,Hari,70428
2604,Rohit,102184
2605,Ram,83672
2606,Gita,119652
2607,Kiran,103298
2608,Rohit,116269
2609,Anita,108298
2610,Rohit,49779
2611,Binod,67816
2612,Binod,104239
2613,Ram,75030
2614,Ram,81911
2615,Ram,119338
2616,Rohit,111342
2617,Binod,75829
2618,Sita,84433
2619,Kiran,68134
2620,Ram,109646
2621,Ram,80531
2622,Kiran,90255
2623,Ram,97358
2624,Kiran,78013
2625,Kiran,30134
2626,Kiran,67396
2627,Gita,95455
2628,Binod,34453
2629,Kiran,31414
2630,Sita,94968
2631,Gita,59891
2632,Anita,55127
2633,Binod,88468
2634,Hari,40666
2635,Sita,53932
2636,Hari,39909
2637,Anita,72838
2638,Sita,52982
2639,Hari,108431
2640,Hari,85060
2641,Gita,55414
2642,Binod,92855
2643,Anita,74476
2644,Kiran,56233
2645,Rohit,64007
2646,Hari,84764
2647,Rohit,53393
2648,Hari,40011
2649,Sita,105077
2650,Sita,78102
2651,Anita,54425
2652,Rohit,92887
2653,Hari,83412
2654,Rohit,91675
2655,Gita,103143
2656,Hari,37723
2657,Hari,99649
2658,Sita,114152
2659,Kiran,94919
2660,Anita,93546
2661,Binod,54307
2662,Kiran,116840
2663,Binod,53515
2664,Binod,70692
2665,Anita,57898
2666,Gita,85445
2667,Sita,97812
2668,Ram,81668
2669,Kiran,106673
2670,Ram,68574
2671,Rohit,71951
2672,Hari,34059
2673,Sita,102234
2674,Ram,39988
2675,Hari,51942
2676,Rohit,76400
2677,Sita,114055
2678,Rohit,62388
2679,Binod,105731
2680,Gita,112141
2681,Ram,68871
2682,Binod,105621
2683,Gita,104513
2684,Anita,109082
2685,Gita,118994
2686,Gita,56551
2687,Hari,103541
2688,Anita,71813
2689,Sita,72030
2690,Gita,118063
2691,Anita,37692
2692,Gita,112994
2693,Kiran,31486
2694,Ram,59132
2695,Binod,47097
2696,Sita,94570
2697,Rohit,62408
2698,Hari,32987
2699,Gita,99603
2700,Gita,104216
2701,Kiran,113964
2702,Binod,85777
2703,Kiran,62647
2704,Anita,107083
2705,Rohit,41315
2706,Kiran,76374
2707,Ram,42657
2708,Ram,41907
2709,Hari,44341
2710,Sita,31396
2711,Anita,55136
2712,Anita,65735
2713,Gita,73420
2714,Hari,31561
2715,Hari,91548
2716,Rohit,44517
2717,Anita,62708
2718,Ram,43245
2719,Rohit,66186
2720,Rohit,118616
2721,Gita,94511
2722,Anita,95751
2723,Hari,35690
2724,Binod,93185
2725,Anita,74261
2726,Binod,96181
2727,Binod,36501
2728,Hari,111258
2729,Kiran,99605
2730,Ram,103192
2731,Ram,49011
2732,Anita,114713
2733,Kiran,83218
2734,Gita,42093
2735,Sita,30471
2736,Hari,88330
2737,Binod,61931
2738,Sita,67649
2739,Binod,85474
2740,Anita,98920
2741,Binod,57767
2742,Rohit,66625
2743,Gita,69725
2744,Rohit,64901
2745,Gita,106305
2746,Sita,60695
2747,Anita,53802
2748,Kiran,48666
2749,Ram,101177
2750,Anita,80666
2751,Ram,118335
2752,Kiran,73256
2753,Kiran,41315
2754,Ram,119627
2755,Hari,93604
2756,Binod,68346
2757,Sita,63066
2758,Kiran,112918
2759,Sita,91458
2760,Ram,115968
2761,Ram,98468
2762,Gita,105129
2763,Binod,63901
2764,Rohit,115900
2765,Binod,71400
2766,Hari,108530
2767,Kiran,81213
2768,Rohit,105783
2769,Binod,70613
2770,Rohit,73591
2771,Ram,43388
2772,Ram,40836
2773,Binod,119819
2774,Binod,64216
2775,Hari,33706
2776,Gita,93082
2777,Ram,107622
2778,Ram,45129
2779,Hari,69195
2780,Binod,104091
2781,Binod,72033
2782,Ram,45867
2783,Sita,88623
2784,Ram,35000
2785,Hari,76991
2786,Gita,59590
2787,Anita,88518
2788,Ram,74950
2789,Hari,90309
2790,Hari,55023
2791,Anita,98587
2792,Hari,43272
2793,Rohit,65872
2794,Hari,58418
2795,Gita,48906
2796,Ram,81996
2797,Binod,54575
2798,Ram,54875
2799,Rohit,35217
2800,Ram,57738
2801,Ram,43639
2802,Gita,77068
2803,Kiran,96078
2804,Hari,96415
2805,Sita,52975
2806,Hari,31279
2807,Hari,55604
2808,Gita,91021
2809,Anita,91847
2810,Anita,104150
2811,Anita,78673
2812,Anita,74843
2813,Anita,104664
2814,Kiran,112694
2815,Gita,42507
2816,Hari,100408
2817,Rohit,94097
2818,Sita,65551
2819,Ram,46117
2820,Sita,86720
2821,Sita,94972
2822,Sita,85148
2823,Anita,36700
2824,Kiran,67366
2825,Binod,51490
2826,Sita,62679
2827,Sita,50620
2828,Hari,111486
2829,Sita,46400
2830,Binod,53435
2831,Gita,42494
2832,Ram,111940
2833,Rohit,75415
2834,Sita,31540
2835,Hari,112748
2836,Hari,74891
2837,Rohit,101618
2838,Kiran,44433
2839,Binod,101592
2840,Kiran,73675
2841,Rohit,38043
2842,Gita,95265
2843,Sita,92771
2844,Ram,92388
2845,Rohit,38644
2846,Rohit,118980
2847,Hari,77358
2848,Ram,77765
2849,Gita,57633
2850,Gita,97141
2851,Sita,55645
2852,Gita,85470
2853,Anita,107138
2854,Kiran,87713
2855,Rohit,83079
2856,Hari,31972
2857,Hari,54944
2858,Binod,74641
2859,Anita,84902
2860,Binod,58952
2861,Ram,43144
2862,Binod,59060
2863,Ram,51318
2864,Hari,35122
2865,Anita,84442
2866,Ram,46896
2867,Anita,60141
2868,Anita,97137
2869,Binod,88052
2870,Hari,91796
2871,Gita,83885
2872,Ram,104095
2873,Anita,88546
2874,Rohit,119690
2875,Kiran,48919
2876,Ram,116591
2877,Ram,60966
2878,Ram,64224
2879,Sita,114980
2880,Hari,46603
2881,Binod,82866
2882,Sita,47343
2883,Binod,40773
2884,Gita,38742
2885,Hari,115452
2886,Sita,93076
2887,Rohit,70780
2888,Anita,52927
2889,Binod,42551
2890,Kiran,109502
2891,Kiran,110321
2892,Anita,60911
2893,Hari,75529
2894,Rohit,79671
2895,Sita,103267
2896,Ram,113115
2897,Rohit,61083
2898,Kiran,108203
2899,Hari,75042
2900,Ram,87460
2901,Rohit,36557
2902,Anita,59178
2903,Hari,98033
2904,Ram,80209
2905,Kiran,86415
2906,Binod,91249
2907,Ram,93525
2908,Rohit,110093
2909,Rohit,37304
2910,Kiran,106676
2911,Anita,60895
2912,Kiran,106322
2913,Sita,87029
2914,Ram,97571
2915,Binod,37587
2916,Rohit,32037
2917,Gita,95311
2918,Rohit,40120
2919,Ram,86269
2920,Rohit,103779
2921,Gita,118372
2922,Ram,41551
2923,Kiran,45586
2924,Gita,112796
2925,Gita,91929
2926,Anita,54345
2927,Sita,36425
2928,Sita,74914
2929,Anita,43722
2930,Rohit,95723
2931,Rohit,107294
2932,Anita,104320
2933,Sita,51801
2934,Anita,93396
2935,Rohit,77982
2936,Hari,105453
2937,Kiran,73948
2938,Gita,59095
2939,Kiran,90292
2940,Ram,104361
2941,Anita,116401
2942,Rohit,98029
2943,Gita,59094
2944,Rohit,82702
2945,Anita,41214
2946,Ram,83165
2947,Kiran,110124
2948,Binod,77581
2949,Kiran,62156
2950,Binod,107349
2951,Binod,48188
2952,Anita,82145
2953,Sita,115954
2954,Anita,82203
2955,Rohit,85977
2956,Sita,67033
2957,Gita,96223
2958,Kiran,49066
2959,Ram,115235
2960,Ram,51699
2961,Ram,107519
2962,Binod,47511
2963,Sita,106704
2964,Rohit,34141
2965,Anita,45495
2966,Binod,42293
2967,Binod,86919
2968,Gita,85033
2969,Hari,56333
2970,Sita,79655
2971,Anita,119946
2972,Rohit,53468
2973,Binod,98199
2974,Rohit,115101
2975,Gita,63266
2976,Rohit,41655
2977,Hari,75664
2978,Ram,115937
2979,Binod,87846
2980,Sita,50350
2981,Kiran,108801
2982,Sita,54926
2983,Gita,41078
2984,Hari,77993
2985,Anita,102489
2986,Sita,85512
2987,Gita,79301
2988,Ram,60505
2989,Ram,54661
2990,Gita,58552
2991,Sita,83229
2992,Kiran,99194
2993,Sita,69991
2994,Rohit,55951
2995,Sita,49474
2996,Rohit,63538
2997,Sita,77187
2998,Kiran,107610
2999,Gita,56499
3000,Gita,36640
3001,Kiran,61876
3002,Kiran,119937
3003,Sita,57394
3004,Binod,55148
3005,Sita,83580
3006,Sita,51834
3007,Binod,113154
3008,Hari,78835
3009,Sita,103029
3010,Gita,116240
3011,Ram,77048
3012,Anita,109620
3013,Rohit,114851
3014,Sita,42300
3015,Anita,79582
3016,Anita,70659
3017,Anita,62675
3018,Gita,43261
3019,Anita,51729
3020,Kiran,83406
3021,Rohit,105258
3022,Ram,61162
3023,Hari,45400
3024,Hari,42975
3025,Gita,93305
3026,Anita,44106
3027,Kiran,78013
3028,Sita,55629
3029,Rohit,87637
3030,Rohit,51004
3031,Anita,68339
3032,Ram,110870
3033,Kiran,72179
3034,Sita,116234
3035,Ram,85694
3036,Binod,31394
3037,Binod,103028
3038,Rohit,76167
3039,Hari,50156
3040,Gita,32612
3041,Sita,116139
3042,Anita,53160
3043,Anita,72710
3044,Anita,100854
3045,Kiran,93355
3046,Anita,61150
3047,Anita,103402
3048,Anita,89357
3049,Gita,47348
3050,Binod,81341
3051,Ram,63877
3052,Anita,119304
3053,Gita,75701
3054,Gita,85896
3055,Ram,31590
3056,Kiran,59470
3057,Binod,71062
3058,Kiran,65819
3059,Binod,105962
3060,Ram,78926
3061,Kiran,46808
3062,Binod,31774
3063,Hari,85342
3064,Hari,89919
3065,Binod,68371
3066,Gita,38665
3067,Ram,74169
3068,Kiran,63574
3069,Sita,109415
3070,Sita,71011
3071,Ram,89045
3072,Ram,47965
3073,Binod,98743
3074,Sita,60532
3075,Sita,106098
3076,Rohit,38729
3077,Kiran,119994
3078,Sita,105966
3079,Ram,111409
3080,Ram,33071
3081,Binod,64546
3082,Gita,112150
3083,Sita,68485
3084,Sita,55591
3085,Kiran,96525
3086,Kiran,97640
3087,Gita,59703
3088,Anita,61862
3089,Binod,79001
3090,Kiran,60705
3091,Kiran,60181
3092,Anita,55195
3093,Rohit,114382
3094,Gita,84727
3095,Binod,73724
3096,Rohit,55851
3097,Kiran,89169
3098,Rohit,90696
3099,Gita,109496
3100,Binod,95580
3101,Rohit,78168
3102,Ram,31677
3103,Hari,81749
3104,Gita,96678
3105,Gita,115120
3106,Binod,64229
3107,Gita,57422
3108,Sita,39223
3109,Gita,90665
3110,Sita,79028
3111,Sita,105251
3112,Hari,35417
3113,Kiran,51071
3114,Rohit,33274
3115,Binod,97418
3116,Anita,39273
3117,Rohit,113251
3118,Sita,36581
3119,Sita,38568
3120,Rohit,56834
3121,Rohit,64040
3122,Sita,91297
3123,Hari,61986
3124,Ram,104922
3125,Sita,96394
3126,Hari,92157
3127,Hari,98438
3128,Sita,92986
3129,Binod,43682
3130,Binod,98209
3131,Kiran,54158
3132,Rohit,32926
3133,Sita,111223
3134,Kiran,55200
3135,Sita,115195
3136,Gita,52157
3137,Anita,55535
3138,Kiran,54985
3139,Ram,61665
3140,Hari,82947
3141,Binod,88337
3142,Kiran,32696
3143,Gita,85069
3144,Rohit,50635
3145,Binod,109837
3146,Hari,61752
3147,Binod,51681
3148,Gita,117988
3149,Hari,89097
3150,Sita,71659
3151,Sita,85791
3152,Anita,53096
3153,Rohit,54819
3154,Kiran,60958
3155,Kiran,91032
3156,Sita,35904
3157,Gita,67184
3158,Ram,56164
3159,Gita,103596
3160,Rohit,118922
3161,Anita,95101
3162,Sita,86537
3163,Sita,73196
3164,Ram,38017
3165,Sita,37787
3166,Kiran,106687
3167,Binod,63891
3168,Anita,111210
3169,Sita,82216
3170,Kiran,80976
3171,Ram,94623
3172,Anita,50308
3173,Binod,53135
3174,Anita,50614
3175,Kiran,43360
3176,Ram,43582
3177,Sita,37707
3178,Hari,110448
3179,Gita,43781
3180,Sita,64188
3181,Kiran,119948
3182,Sita,116376
3183,Ram,33840
3184,Rohit,109852
3185,Hari,44844
3186,Sita,48021
3187,Rohit,65703
3188,Gita,51828
3189,Gita,51084
3190,Binod,39922
3191,Rohit,109869
3192,Kiran,70564
3193,Gita,98872
3194,Hari,98385
3195,Rohit,75667
3196,Binod,85840
3197,Rohit,104622
3198,Binod,42891
3199,Rohit,31616
3200,Gita,96378
3201,Hari,47995
3202,Gita,100108
3203,Kiran,86305
3204,Sita,111246
3205,Hari,59607
3206,Binod,105754
3207,Gita,61968
3208,Kiran,85945
3209,Binod,108525
3210,Rohit,43256
3211,Anita,62551
3212,Ram,106906
3213,Kiran,116012
3214,Gita,31957
3215,Gita,87062
3216,Ram,40727
3217,Kiran,82223
3218,Kiran,85558
3219,Anita,41957
3220,Sita,84257
3221,Sita,47074
3222,Gita,46249
3223,Rohit,71134
3224,Hari,32090
3225,Rohit,63890
3226,Sita,88087
3227,Binod,66132
3228,Sita,101862
3229,Rohit,70087
3230,Ram,67840
3231,Binod,51559
3232,Rohit,105313
3233,Gita,110047
3234,Kiran,30973
3235,Sita,114390
3236,Gita,79641
3237,Rohit,106881
3238,Kiran,44541
3239,Rohit,108878
3240,Kiran,41122
3241,Rohit,111113
3242,Ram,64105
3243,Kiran,91193
3244,Rohit,108756
3245,Gita,90501
3246,Hari,113500
3247,Gita,119914
3248,Ram,111303
3249,Binod,96137
3250,Ram,65183
3251,Binod,40006
3252,Sita,118466
3253,Ram,110961
3254,Gita,42177
3255,Rohit,102056
3256,Anita,51928
3257,Binod,119792
3258,Gita,32092
3259,Gita,62409
3260,Anita,47135
3261,Gita,100455
3262,Anita,35143
3263,Sita,38471
3264,Hari,97091
3265,Anita,65391
3266,Hari,86548
3267,Kiran,114832
3268,Binod,42936
3269,Sita,34769
3270,Rohit,37719
3271,Hari,44386
3272,Gita,93461
3273,Binod,53170
3274,Binod,104824
3275,Kiran,114269
3276,Gita,55118
3277,Binod,106032
3278,Gita,39721
3279,Hari,36390
3280,Kiran,32607
3281,Rohit,107955
3282,Sita,113784
3283,Sita,74518
3284,Kiran,81453
3285,Ram,44155
3286,Kiran,75697
3287,Binod,119168
3288,Gita,104689
3289,Kiran,89429
3290,Anita,42372
3291,Anita,55469
3292,Binod,78682
3293,Binod,89169
3294,Rohit,114952
3295,Kiran,30558
3296,Gita,115410
3297,Hari,55736
3298,Hari,94932
3299,Sita,55983
3300,Kiran,52682
3301,Hari,76243
3302,Sita,49499
3303,Kiran,55668
3304,Gita,110154
3305,Gita,60170
3306,Gita,108043
3307,Binod,117454
3308,Kiran,113668
3309,Rohit,42348
3310,Kiran,57967
3311,Rohit,113730
3312,Binod,37937
3313,Binod,117496
3314,Binod,82643
3315,Gita,107342
3316,Gita,72472
3317,Ram,113859
3318,Binod,53879
3319,Rohit,79659
3320,Anita,105846
3321,Sita,92818
3322,Hari,37853
3323,Rohit,106164
3324,Binod,49073
3325,Hari,32885
3326,Anita,31382
3327,Sita,72243
3328,Anita,119597
3329,Hari,43974
3330,Anita,111700
3331,Kiran,41355
3332,Gita,98407
3333,Ram,65613
3334,Kiran,44298
3335,Hari,65891
3336,Anita,117778
3337,Sita,76552
3338,Kiran,92545
3339,Rohit,111051
3340,Ram,33266
3341,Rohit,82204
3342,Ram,99836
3343,Kiran,32098
3344,Rohit,59009
3345,Kiran,84368
3346,Binod,34093
3347,Ram,107555
3348,Hari,106274
3349,Anita,97115
3350,Ram,118122
3351,Gita,61516
3352,Sita,95990
3353,Sita,119926
3354,Ram,56305
3355,Anita,103928
3356,Ram,103954
3357,Ram,96341
3358,Gita,56513
3359,Anita,81691
3360,Sita,116386
3361,Hari,33545
3362,Hari,55256
3363,Rohit,80829
3364,Ram,103068
3365,Anita,40016
3366,Anita,85936
3367,Kiran,104941
3368,Gita,99423
3369,Hari,117797
3370,Anita,48206
3371,Rohit,73473
3372,Ram,56651
3373,Ram,34262
3374,Rohit,75230
3375,Gita,98030
3376,Hari,92981
3377,Gita,41968
3378,Anita,33411
3379,Ram,96076
3380,Binod,63324
3381,Ram,70669
3382,Binod,72202
3383,Kiran,100415
3384,Gita,90967
3385,Hari,84082
3386,Sita,102926
3387,Binod,49177
3388,Hari,66360
3389,Rohit,89059
3390,Kiran,57220
3391,Binod,102658
3392,Gita,34747
3393,Binod,45738
3394,Kiran,99516
3395,Hari,43847
3396,Sita,84007
3397,Hari,113726
3398,Binod,90139
3399,Ram,74570
3400,Rohit,40274
3401,Anita,56151
3402,Anita,104934
3403,Hari,116498
3404,Ram,88937
3405,Ram,112950
3406,Kiran,45869
3407,Hari,92004
3408,Gita,41176
3409,Hari,109014
3410,Rohit,83000
3411,Kiran,109107
3412,Binod,94568
3413,Ram,43722
3414,Binod,43641
3415,Rohit,118101
3416,Hari,115469
3417,Ram,42479
3418,Sita,64478
3419,Kiran,38943
3420,Kiran,40962
3421,Sita,39768
3422,Rohit,57564
3423,Kiran,107730
3424,Sita,39121
3425,Ram,84717
3426,Rohit,115663
3427,Ram,97656
3428,Rohit,96560
3429,Kiran,116373
3430,Binod,57066
3431,Ram,66018
3432,Rohit,107732
3433,Rohit,89758
3434,Anita,59403
3435,Kiran,51854
3436,Ram,69172
3437,Hari,93713
3438,Sita,46783
3439,Hari,78993
3440,Hari,114114
3441,Anita,90421
3442,Kiran,39252
3443,Hari,34624
3444,Sita,106526
3445,Binod,68043
3446,Ram,118467
3447,Sita,93869
3448,Ram,52086
3449,Rohit,44838
3450,Ram,77775
3451,Kiran,109853
3452,Gita,105606
3453,Rohit,51847
3454,Hari,60465
3455,Gita,117710
3456,Anita,88119
3457,Kiran,47108
3458,Hari,57013
3459,Rohit,112299
3460,Ram,69614
3461,Rohit,89598
3462,Sita,39010
3463,Sita,77699
3464,Kiran,34192
3465,Rohit,96993
3466,Hari,112007
3467,Rohit,67888
3468,Gita,82007
3469,Sita,82376
3470,Binod,42375
3471,Ram,58584
3472,Gita,117409
3473,Hari,103611
3474,Gita,117556
3475,Gita,88489
3476,Sita,98245
3477,Binod,94808
3478,Sita,111466
3479,Hari,43496
3480,Hari,112776
3481,Hari,119831
3482,Ram,61144
3483,Kiran,107808
3484,Binod,78685
3485,Anita,89097
3486,Sita,105181
3487,Sita,91391
3488,Gita,60061
3489,Ram,30693
3490,Rohit,57171
3491,Anita,55894
3492,Binod,70447
3493,Rohit,91154
3494,Ram,76743
3495,Ram,45730
3496,Ram,89076
3497,Rohit,80787
3498,Sita,37568
3499,Anita,96547
3500,Ram,44050
3501,Rohit,87572
3502,Sita,78901
3503,Ram,115124
3504,Gita,84243
3505,Ram,99317
3506,Ram,98113
3507,Sita,115532
3508,Sita,49631
3509,Binod,90118
3510,Ram,68191
3511,Binod,41622
3512,Kiran,57306
3513,Anita,47212
3514,Kiran,62126
3515,Anita,63351
3516,Ram,88686
3517,Rohit,57401
3518,Rohit,74379
3519,Gita,66490
3520,Gita,38057
3521,Sita,40063
3522,Kiran,30402
3523,Binod,73265
3524,Binod,51083
3525,Kiran,93559
3526,Anita,98892
3527,Anita,57648
3528,Rohit,66855
3529,Ram,74337
3530,Anita,36353
3531,Hari,113907
3532,Binod,99717
3533,Sita,58109
3534,Ram,114025
3535,Gita,30233
3536,Kiran,49276
3537,Anita,59371
3538,Gita,43024
3539,Anita,79387
3540,Hari,63614
3541,Kiran,110855
3542,Sita,104209
3543,Kiran,66469
3544,Gita,90023
3545,Kiran,82585
3546,Rohit,104534
3547,Sita,97428
3548,Kiran,38118
3549,Kiran,84734
3550,Anita,118759
3551,Ram,81949
3552,Gita,69196
3553,Anita,59814
3554,Rohit,35045
3555,Binod,117012
3556,Kiran,76073
3557,Hari,32935
3558,Gita,68409
3559,Sita,75925
3560,Sita,43923
3561,Ram,40712
3562,Kiran,62730
3563,Sita,87302
3564,Binod,57288
3565,Kiran,45440
3566,Anita,65488
3567,Gita,99950
3568,Gita,40917
3569,Hari,116756
3570,Kiran,82242
3571,Rohit,102775
3572,Sita,65523
3573,Kiran,107755
3574,Hari,102861
3575,Hari,65886
3576,Kiran,60220
3577,Gita,84348
3578,Hari,82369
3579,Kiran,31290
3580,Hari,67155
3581,Hari,86283
3582,Anita,102339
3583,Ram,95330
3584,Rohit,96373
3585,Binod,47492
3586,Binod,68528
3587,Sita,104703
3588,Sita,33212
3589,Binod,66878
3590,Hari,91712
3591,Anita,93156
3592,Hari,99618
3593,Rohit,67674
3594,Sita,109515
3595,Sita,82963
3596,Ram,108950
3597,Anita,64708
3598,Binod,91070
3599,Hari,34105
3600,Binod,46607
3601,Ram,68313
3602,Rohit,63318
3603,Kiran,56404
3604,Binod,62367
3605,Sita,53246
3606,Hari,113668
3607,Anita,59334
3608,Binod,114054
3609,Sita,39823
3610,Kiran,77634
3611,Rohit,62451
3612,Kiran,119821
3613,Anita,44338
3614,Hari,44409
3615,Gita,70558
3616,Sita,84358
3617,Gita,82233
3618,Rohit,69628
3619,Anita,110734
3620,Kiran,49245
3621,Binod,82816
3622,Anita,105317
3623,Kiran,39258
3624,Anita,62412
3625,Gita,37393
3626,Ram,82406
3627,Ram,94272
3628,Rohit,94396
3629,Binod,98705
3630,Ram,97920
3631,Sita,48475
3632,Sita,58068
3633,Gita,52980
3634,Rohit,49675
3635,Hari,62833
3636,Hari,68318
3637,Ram,42928
3638,Rohit,69062
3639,Rohit,77372
3640,Ram,107516
3641,Sita,39616
3642,Anita,33721
3643,Anita,61468
3644,Ram,54882
3645,Hari,87451
3646,Ram,41220
3647,Gita,117791
3648,Kiran,35306
3649,Sita,82659
3650,Binod,75909
3651,Gita,41437
3652,Ram,115914
3653,Kiran,49692
3654,Binod,58266
3655,Gita,73756
3656,Binod,93926
3657,Hari,40107
3658,Binod,56477
3659,Binod,44947
3660,Sita,60618
3661,Anita,59439
3662,Kiran,86388
3663,Kiran,38342
3664,Hari,101945
3665,Kiran,97191
3666,Ram,40722
3667,Sita,119180
3668,Gita,76368
3669,Sita,71918
3670,Binod,65361
3671,Gita,58331
3672,Hari,104355
3673,Rohit,79189
3674,Sita,56806
3675,Sita,102549
3676,Sita,76139
3677,Gita,86625
3678,Binod,99652
3679,Sita,101337
3680,Anita,83637
3681,Anita,93163
3682,Hari,89959
3683,Binod,98554
3684,Hari,31508
3685,Kiran,69894
3686,Gita,48010
3687,Anita,116244
3688,Gita,110761
3689,Rohit,94391
3690,Kiran,84802
3691,Rohit,111383
3692,Gita,56944
3693,Sita,36370
3694,Sita,42288
3695,Rohit,79432
3696,Anita,81563
3697,Hari,115551
3698,Anita,69026
3699,Binod,73045
3700,Binod,118770
3701,Anita,102015
3702,Ram,103158
3703,Anita,96672
3704,Kiran,73718
3705,Binod,49900
3706,Binod,51828
3707,Hari,32203
3708,Kiran,80252
3709,Anita,89767
3710,Rohit,115180
3711,Sita,73175
3712,Sita,31248
3713,Ram,99619
3714,Anita,38787
3715,Ram,49562
3716,Binod,91192
3717,Ram,111570
3718,Hari,60648
3719,Gita,61063
3720,Rohit,109210
3721,Binod,33576
3722,Anita,71082
3723,Gita,41016
3724,Sita,106911
3725,Anita,86100
3726,Gita,34954
3727,Hari,59625
3728,Gita,82984
3729,Sita,76392
3730,Ram,48749
3731,Ram,107930
3732,Kiran,57823
3733,Rohit,74617
3734,Kiran,96601
3735,Rohit,107275
3736,Rohit,111652
3737,Sita,32560
3738,Sita,100340
3739,Hari,113697
3740,Hari,113889
3741,Anita,78145
3742,Ram,32362
3743,Rohit,88633
3744,Binod,116056
3745,Sita,77815
3746,Gita,115837
3747,Binod,84809
3748,Binod,49472
3749,Kiran,97133
3750,Binod,63817
3751,Hari,85547
3752,Ram,50442
3753,Kiran,109235
3754,Hari,84567
3755,Kiran,90444
3756,Kiran,31372
3757,Sita,69088
3758,Binod,74287
3759,Kiran,45974
3760,Rohit,114965
3761,Gita,119579
3762,Hari,53413
3763,Rohit,112353
3764,Binod,31016
3765,Binod,96782
3766,Rohit,31797
3767,Ram,110305
3768,Hari,78461
3769,Gita,106926
3770,Anita,74235
3771,Gita,63586
3772,Ram,91978
3773,Rohit,51570
3774,Binod,50915
3775,Binod,55556
3776,Gita,107515
3777,Rohit,108845
3778,Ram,67513
3779,Rohit,42365
3780,Rohit,63770
3781,Rohit,119376
3782,Ram,33148
3783,Sita,106341
3784,Rohit,77583
3785,Hari,107565
3786,Kiran,88898
3787,Hari,116746
3788,Kiran,118401
3789,Rohit,66145
3790,Binod,113966
3791,Rohit,68277
3792,Sita,63043
3793,Kiran,38467
3794,Sita,52624
3795,Sita,69047
3796,Ram,51496
3797,Kiran,102021
3798,Ram,114469
3799,Binod,95390
3800,Gita,64310
3801,Gita,44141
3802,Ram,51111
3803,Sita,75262
3804,Rohit,57729
3805,Ram,90886
3806,Anita,39192
3807,Ram,101030
3808,Anita,85601
3809,Hari,64507
3810,Kiran,68385
3811,Ram,80326
3812,Rohit,59726
3813,Sita,114252
3814,Binod,97247
3815,Ram,82269
3816,Binod,42504
3817,Sita,78064
3818,Gita,105737
3819,Gita,92784
3820,Gita,50262
3821,Sita,36659
3822,Rohit,36159
3823,Rohit,40926
3824,Rohit,64107
3825,Rohit,33548
3826,Sita,64168
3827,Sita,73621
3828,Sita,80235
3829,Gita,103481
3830,Hari,49361
3831,Anita,41677
3832,Rohit,71702
3833,Sita,56262
3834,Binod,102388
3835,Hari,51112
3836,Gita,71119
3837,Rohit,102498
3838,Sita,119522
3839,Hari,116330
3840,Binod,118951
3841,Anita,42878
3842,Ram,37929
3843,Ram,94757
3844,Ram,49319
3845,Kiran,71577
3846,Gita,36232
3847,Ram,57169
3848,Gita,97630
3849,Ram,83689
3850,Rohit,85487
3851,Rohit,31184
3852,Anita,80918
3853,Binod,70253
3854,Anita,112484
3855,Anita,32880
3856,Sita,75788
3857,Kiran,80956
3858,Gita,66257
3859,Hari,91220
3860,Sita,63334
3861,Gita,59433
3862,Sita,65386
3863,Binod,47093
3864,Ram,96606
3865,Anita,109699
3866,Rohit,60722
3867,Binod,62588
3868,Anita,111763
3869,Kiran,90214
3870,Sita,34585
3871,Gita,74342
3872,Ram,99455
3873,Kiran,36247
3874,Kiran,98452
3875,Sita,66883
3876,Binod,77866
3877,Anita,32809
3878,Anita,111288
3879,Gita,43369
3880,Hari,70845
3881,Anita,70383
3882,Gita,50509
3883,Rohit,70183
3884,Sita,62087
3885,Sita,33233
3886,Ram,106195
3887,Rohit,40036
3888,Hari,92821
3889,Anita,66590
3890,Rohit,108978
3891,Kiran,66409
3892,Anita,81242
3893,Kiran,95812
3894,Hari,58750
3895,Sita,68967
3896,Anita,57733
3897,Ram,81667
3898,Sita,72898
3899,Anita,108092
3900,Binod,76929
3901,Rohit,66740
3902,Binod,101947
3903,Ram,107413
3904,Ram,61761
3905,Ram,44162
3906,Ram,89131
3907,Ram,75351
3908,Binod,66960
3909,Binod,38300
3910,Ram,93404
3911,Rohit,38555
3912,Hari,65386
3913,Anita,110640
3914,Binod,77892
3915,Hari,68045
3916,Rohit,98009
3917,Gita,81496
3918,Anita,37340
3919,Hari,108896
3920,Binod,36276
3921,Gita,48209
3922,Anita,92934
3923,Sita,69184
3924,Gita,79190
3925,Hari,32405
3926,Kiran,96903
3927,Rohit,43357
3928,Sita,72225
3929,Gita,71728
3930,Binod,78269
3931,Ram,108657
3932,Binod,54321
3933,Hari,113127
3934,Hari,99563
3935,Ram,89682
3936,Binod,66503
3937,Anita,88541
3938,Rohit,67880
3939,Binod,47342
3940,Binod,97116
3941,Gita,104486
3942,Rohit,118837
3943,Hari,86574
3944,Ram,90401
3945,Ram,87387
3946,Rohit,38206
3947,Kiran,87068
3948,Ram,57838
3949,Sita,106776
3950,Gita,57740
3951,Kiran,96862
3952,Sita,111545
3953,Ram,111666
3954,Kiran,110567
3955,Hari,100532
3956,Kiran,89404
3957,Ram,110187
3958,Kiran,42411
3959,Anita,109377
3960,Rohit,106815
3961,Binod,39556
3962,Anita,60550
3963,Rohit,43057
3964,Binod,87741
3965,Kiran,112900
3966,Anita,111981
3967,Binod,53993
3968,Sita,56275
3969,Anita,79630
3970,Kiran,87851
3971,Kiran,75292
3972,Gita,117816
3973,Kiran,47330
3974,Gita,81173
3975,Hari,47253
3976,Gita,104194
3977,Binod,118573
3978,Anita,64510
3979,Hari,113533
3980,Sita,50095
3981,Binod,95726
3982,Hari,51414
3983,Sita,39190
3984,Ram,47522
3985,Rohit,57560
3986,Binod,111943
3987,Binod,46216
3988,Sita,43417
3989,Gita,79989
3990,Kiran,94354
3991,Rohit,46656
3992,Anita,58482
3993,Hari,106911
3994,Ram,112218
3995,Anita,111198
3996,Anita,79921
3997,Hari,42904
3998,Gita,113243
3999,Kiran,113247
4000,Hari,116665
4001,Binod,83772
4002,Kiran,95938
4003,Gita,77938
4004,Anita,116143
4005,Anita,104650
4006,Anita,64502
4007,Gita,90843
4008,Anita,99678
4009,Gita,88943
4010,Kiran,30572
4011,Anita,52749
4012,Hari,51210
4013,Gita,34087
4014,Kiran,47316
4015,Sita,102377
4016,Sita,80274
4017,Gita,64599
4018,Ram,87320
4019,Rohit,72554
4020,Sita,88853
4021,Kiran,112237
4022,Kiran,94259
4023,Binod,36294
4024,Rohit,104874
4025,Binod,89527
4026,Rohit,30931
4027,Ram,80416
4028,Hari,112051
4029,Gita,85029
4030,Binod,31811
4031,Ram,63288
4032,Gita,85571
4033,Sita,98172
4034,Binod,106275
4035,Kiran,35902
4036,Gita,107039
4037,Rohit,115349
4038,Ram,105563
4039,Anita,91212
4040,Sita,33551
4041,Rohit,86782
4042,Sita,66639
4043,Hari,112849
4044,Gita,43000
4045,Ram,73629
4046,Anita,97386
4047,Hari,32826
4048,Sita,89421
4049,Hari,66756
4050,Hari,96803
4051,Gita,73375
4052,Anita,64457
4053,Sita,62120
4054,Anita,39984
4055,Rohit,42979
4056,Anita,33880
4057,Rohit,45528
4058,Gita,97869
4059,Sita,83276
4060,Gita,67403
4061,Kiran,80949
4062,Rohit,118382
4063,Rohit,86501
4064,Binod,80452
4065,Rohit,76753
4066,Anita,111071
4067,Anita,91487
4068,Rohit,110641
4069,Anita,49928
4070,Anita,74006
4071,Binod,84495
4072,Anita,83625
4073,Rohit,35879
4074,Gita,65356
4075,Binod,48121
4076,Hari,53851
4077,Hari,113905
4078,Kiran,79546
4079,Sita,32546
4080,Rohit,101248
4081,Binod,98656
4082,Gita,81047
4083,Anita,33004
4084,Rohit,79846
4085,Kiran,51693
4086,Anita,105380
4087,Ram,117504
4088,Ram,66097
4089,Rohit,66139
4090,Ram,82754
4091,Hari,50384
4092,Binod,86469
4093,Anita,70104
4094,Anita,59510
4095,Rohit,104137
4096,Anita,37273
4097,Sita,70556
4098,Gita,45582
4099,Kiran,117820
4100,Rohit,66114
4101,Sita,104099
4102,Gita,30984
4103,Anita,111866
4104,Kiran,35019
4105,Ram,112686
4106,Rohit,48230
4107,Hari,95159
4108,Kiran,51585
4109,Anita,31819
4110,Gita,64640
4111,Sita,94298
4112,Ram,60649
4113,Binod,75156
4114,Kiran,66153
4115,Anita,45986
4116,Ram,90234
4117,Rohit,50069
4118,Sita,117602
4119,Gita,34347
4120,Anita,31652
4121,Gita,109344
4122,Hari,105997
4123,Kiran,87715
4124,Hari,78023
4125,Hari,84081
4126,Ram,100515
4127,Ram,65433
4128,Hari,31096
4129,Binod,63457
4130,Hari,64180
4131,Kiran,62988
4132,Ram,87554
4133,Gita,61074
4134,Anita,45348
4135,Sita,96938
4136,Kiran,71820
4137,Binod,100774
4138,Gita,39920
4139,Rohit,110283
4140,Ram,56781
4141,Kiran,68382
4142,Anita,102586
4143,Kiran,65333
4144,Kiran,42913
4145,Gita,107997
4146,Kiran,57654
4147,Sita,65359
4148,Gita,41599
4149,Ram,35035
4150,Rohit,69512
4151,Binod,110599
4152,Kiran,92382
4153,Hari,47678
4154,Anita,94314
4155,Rohit,47243
4156,Binod,38381
4157,Binod,52523
4158,Sita,96139
4159,Hari,45767
4160,Sita,116131
4161,Sita,45476
4162,Kiran,119735
4163,Kiran,64502
4164,Binod,117253
4165,Gita,44151
4166,Binod,80724
4167,Binod,95820
4168,Kiran,92991
4169,Gita,63167
4170,Hari,80890
4171,Anita,113690
4172,Hari,83641
4173,Kiran,115521
4174,Ram,112280
4175,Ram,65431
4176,Ram,46138
4177,Hari,104160
4178,Binod,107628
4179,Ram,32095
4180,Rohit,119462
4181,Hari,115553
4182,Ram,87090
4183,Hari,107641
4184,Gita,53896
4185,Rohit,91819
4186,Sita,79365
4187,Binod,87131
4188,Gita,67170
4189,Gita,49392
4190,Ram,99364
4191,Sita,72596
4192,Rohit,102838
4193,Sita,119524
4194,Kiran,108506
4195,Rohit,54668
4196,Gita,102113
4197,Gita,119311
4198,Binod,89699
4199,Anita,54847
4200,Anita,113977
4201,Gita,84640
4202,Kiran,88860
4203,Sita,33207
4204,Ram,99662
4205,Anita,115196
4206,Rohit,99577
4207,Binod,50461
4208,Anita,84248
4209,Kiran,97362
4210,Kiran,76198
4211,Rohit,92889
4212,Binod,54015
4213,Binod,72744
4214,Hari,55533
4215,Rohit,66615
4216,Hari,79145
4217,Binod,96951
4218,Ram,46410
4219,Kiran,68981
4220,Sita,68167
4221,Binod,36614
4222,Kiran,103881
4223,Sita,114856
4224,Anita,97252
4225,Gita,94629
4226,Ram,97951
4227,Ram,107133
4228,Binod,108946
4229,Gita,83130
4230,Gita,85126
4231,Anita,31907
4232,Rohit,87550
4233,Sita,69996
4234,Gita,113882
4235,Gita,39992
4236,Binod,74285
4237,Gita,93432
4238,Anita,98120
4239,Hari,105607
4240,Hari,118323
4241,Ram,42289
4242,Anita,49619
4243,Hari,61332
4244,Anita,92559
4245,Ram,37478
4246,Anita,115871
4247,Rohit,40774
4248,Kiran,70719
4249,Binod,85985
4250,Rohit,65924
4251,Ram,41692
4252,Hari,101294
4253,Binod,117633
4254,Ram,48139
4255,Hari,84361
4256,Anita,110029
4257,Hari,85494
4258,Sita,47720
4259,Anita,60604
4260,Gita,70252
4261,Rohit,112215
4262,Rohit,102615
4263,Sita,62794
4264,Binod,119374
4265,Sita,71624
4266,Rohit,85135
4267,Kiran,69031
4268,Gita,40933
4269,Ram,102784
4270,Gita,30023
4271,Anita,67299
4272,Gita,76226
4273,Rohit,45251
4274,Gita,100462
4275,Ram,38838
4276,Gita,78808
4277,Anita,66768
4278,Rohit,45971
4279,Binod,69001
4280,Binod,50927
4281,Binod,49040
4282,Gita,97984
4283,Binod,62123
4284,Ram,106760
4285,Kiran,51488
4286,Hari,79151
4287,Kiran,105454
4288,Binod,50823
4289,Kiran,105194
4290,Anita,71257
4291,Rohit,79320
4292,Rohit,86396
4293,Gita,93461
4294,Rohit,97707
4295,Binod,45975
4296,Anita,58583
4297,Sita,62764
4298,Gita,53788
4299,Sita,30451
4300,Ram,77273
4301,Binod,65976
4302,Kiran,116130
4303,Rohit,87919
4304,Sita,33920
4305,Ram,62582
4306,Rohit,73058
4307,Sita,109792
4308,Gita,99159
4309,Gita,75053
4310,Gita,31244
4311,Ram,84225
4312,Binod,75735
4313,Ram,95000
4314,Rohit,55930
4315,Hari,40243
4316,Sita,84777
4317,Gita,110437
4318,Anita,118755
4319,Binod,36492
4320,Hari,47953
4321,Hari,34332
4322,Hari,99054
4323,Sita,102821
4324,Anita,66596
4325,Sita,84723
4326,Gita,61591
4327,Sita,39649
4328,Rohit,102306
4329,Hari,66318
4330,Anita,89344
4331,Sita,93020
4332,Ram,108976
4333,Gita,111603
4334,Sita,61104
4335,Rohit,73756
4336,Rohit,102278
4337,Kiran,115642
4338,Gita,75455
4339,Hari,116611
4340,Hari,51992
4341,Rohit,114583
4342,Kiran,70387
4343,Anita,106313
4344,Kiran,54703
4345,Sita,68382
4346,Kiran,104710
4347,Sita,58310
4348,Rohit,32618
4349,Gita,93508
4350,Hari,30098
4351,Anita,43682
4352,Binod,36391
4353,Ram,102815
4354,Sita,80763
4355,Hari,39789
4356,Gita,96036
4357,Kiran,84734
4358,Sita,66657
4359,Kiran,47076
4360,Hari,70253
4361,Kiran,61257
4362,Ram,97763
4363,Binod,101914
4364,Hari,91397
4365,Sita,54575
4366,Rohit,37314
4367,Kiran,98880
4368,Rohit,53054
4369,Hari,98259
4370,Hari,94130
4371,Anita,87719
4372,Ram,61286
4373,Rohit,115417
4374,Sita,58869
4375,Sita,77075
4376,Anita,55449
4377,Hari,106676
4378,Binod,94595
4379,Rohit,93356
4380,Anita,61321
4381,Ram,46655
4382,Sita,68039
4383,Binod,31965
4384,Gita,94933
4385,Binod,91268
4386,Kiran,40785
4387,Gita,62629
4388,Ram,91428
4389,Ram,118870
4390,Binod,77160
4391,Gita,64843
4392,Gita,95285
4393,Anita,56737
4394,Kiran,87311
4395,Hari,35816
4396,Hari,114465
4397,Ram,40517
4398,Anita,104821
4399,Rohit,46289
4400,Hari,61394
4401,Gita,83121
4402,Binod,98815
4403,Hari,60962
4404,Hari,103435
4405,Kiran,108464
4406,Kiran,59618
4407,Rohit,54739
4408,Hari,75404
4409,Hari,31027
4410,Hari,50853
4411,Hari,30326
4412,Anita,75983
4413,Kiran,36528
4414,Sita,82121
4415,Binod,59163
4416,Ram,118336
4417,Binod,99728
4418,Anita,51421
4419,Rohit,78501
4420,Gita,49942
4421,Sita,37055
4422,Ram,62603
4423,Sita,41562
4424,Binod,81964
4425,Binod,66130
4426,Rohit,40045
4427,Ram,75095
4428,Rohit,112046
4429,Binod,67297
4430,Rohit,75919
4431,Kiran,39400
4432,Anita,109336
4433,Binod,70560
4434,Ram,66071
4435,Gita,50879
4436,Binod,50947
4437,Hari,97239
4438,Gita,84459
4439,Rohit,63524
4440,Binod,87145
4441,Kiran,61501
4442,Binod,30502
4443,Ram,76844
4444,Hari,79259
4445,Hari,107303
4446,Anita,31483
4447,Sita,102906
4448,Gita,69349
4449,Sita,103101
4450,Binod,101309
4451,Binod,107933
4452,Ram,111900
4453,Binod,42839
4454,Hari,115254
4455,Kiran,58251
4456,Sita,90105
4457,Rohit,55616
4458,Kiran,86932
4459,Binod,49746
4460,Kiran,87307
4461,Gita,113342
4462,Gita,97978
4463,Gita,91755
4464,Ram,48330
4465,Anita,58230
4466,Binod,100483
4467,Sita,119404
4468,Gita,35612
4469,Kiran,106491
4470,Kiran,44471
4471,Gita,96595
4472,Gita,80900
4473,Rohit,51202
4474,Gita,32416
4475,Gita,116662
4476,Kiran,74259
4477,Kiran,68774
4478,Anita,113918
4479,Rohit,94239
4480,Rohit,110384
4481,Ram,87837
4482,Hari,46398
4483,Ram,45289
4484,Binod,56473
4485,Ram,106807
4486,Ram,95990
4487,Binod,113062
4488,Sita,45428
4489,Anita,95600
4490,Kiran,78692
4491,Rohit,52200
4492,Kiran,35657
4493,Kiran,44696
4494,Kiran,93376
4495,Rohit,59922
4496,Ram,38938
4497,Anita,90678
4498,Binod,107034
4499,Gita,48999
4500,Anita,110256
4501,Rohit,96044
4502,Kiran,93612
4503,Gita,73775
4504,Binod,95786
4505,Hari,78666
4506,Hari,97988
4507,Kiran,44498
4508,Binod,69792
4509,Anita,80560
4510,Gita,61391
4511,Anita,119920
4512,Rohit,51124
4513,Hari,66740
4514,Binod,109372
4515,Gita,36299
4516,Sita,77141
4517,Rohit,92239
4518,Rohit,119743
4519,Gita,118079
4520,Gita,34698
4521,Gita,53071
4522,Gita,104955
4523,Binod,83144
4524,Binod,89336
4525,Hari,38654
4526,Kiran,45217
4527,Sita,83089
4528,Gita,106308
4529,Gita,103734
4530,Hari,68150
4531,Gita,64652
4532,Binod,48984
4533,Anita,103750
4534,Anita,48448
4535,Anita,53033
4536,Sita,62104
4537,Anita,38117
4538,Rohit,87104
4539,Binod,102883
4540,Kiran,105946
4541,Sita,72171
4542,Gita,46786
4543,Hari,71879
4544,Rohit,97786
4545,Binod,38233
4546,Sita,39392
4547,Hari,71955
4548,Hari,38301
4549,Ram,113205
4550,Rohit,90682
4551,Binod,82280
4552,Ram,65987
4553,Anita,56781
4554,Kiran,40884
4555,Rohit,74856
4556,Hari,109625
4557,Hari,77979
4558,Binod,68428
4559,Anita,86506
4560,Gita,33512
4561,Hari,40310
4562,Anita,57554
4563,Gita,89062
4564,Anita,48126
4565,Sita,32198
4566,Anita,105373
4567,Ram,86669
4568,Hari,60741
4569,Anita,111769
4570,Anita,109547
4571,Binod,50418
4572,Kiran,92331
4573,Rohit,93559
4574,Hari,68383
4575,Sita,61630
4576,Anita,110029
4577,Rohit,69694
4578,Kiran,53310
4579,Sita,72472
4580,Ram,52099
4581,Rohit,40705
4582,Ram,100471
4583,Anita,74378
4584,Rohit,94953
4585,Rohit,46615
4586,Ram,118480
4587,Binod,114965
4588,Gita,51795
4589,Sita,63270
4590,Gita,64493
4591,Sita,70729
4592,Binod,39227
4593,Rohit,64794
4594,Binod,84732
4595,Ram,112520
4596,Binod,36265
4597,Binod,48000
4598,Ram,55677
4599,Sita,99751
4600,Rohit,89005
4601,Kiran,79760
4602,Sita,75419
4603,Kiran,92074
4604,Hari,69518
4605,Sita,47650
4606,Hari,68518
4607,Anita,51655
4608,Hari,88158
4609,Sita,64254
4610,Binod,38811
4611,Gita,91767
4612,Ram,89385
4613,Gita,100760
4614,Gita,93956
4615,Gita,55629
4616,Hari,80586
4617,Hari,114546
4618,Gita,47565
4619,Ram,108621
4620,Binod,92552
4621,Ram,48572
4622,Hari,53141
4623,Ram,89929
4624,Kiran,37141
4625,Hari,102324
4626,Gita,90274
4627,Rohit,47926
4628,Sita,47701
4629,Sita,74376
4630,Sita,73449
4631,Sita,64786
4632,Kiran,108236
4633,Gita,97856
4634,Kiran,46342
4635,Anita,79142
4636,Gita,46698
4637,Kiran,83200
4638,Binod,70593
4639,Hari,68003
4640,Sita,88626
4641,Ram,94842
4642,Gita,106871
4643,Ram,33478
4644,Binod,37537
4645,Ram,119213
4646,Anita,44999
4647,Kiran,98740
4648,Hari,111236
4649,Binod,88737
4650,Hari,64299
4651,Binod,72906
4652,Sita,38656
4653,Gita,41922
4654,Sita,32541
4655,Ram,78497
4656,Gita,118931
4657,Sita,93760
4658,Gita,95938
4659,Binod,53760
4660,Anita,62402
4661,Rohit,82699
4662,Anita,39815
4663,Rohit,101730
4664,Binod,91048
4665,Binod,104139
4666,Kiran,41293
4667,Gita,67060
4668,Anita,112680
4669,Ram,74330
4670,Kiran,34628
4671,Binod,39054
4672,Rohit,42376
4673,Anita,42286
4674,Rohit,41979
4675,Binod,60514
4676,Hari,104333
4677,Anita,75375
4678,Anita,98832
4679,Ram,108029
4680,Kiran,32246
4681,Hari,49438
4682,Ram,75644
4683,Hari,52849
4684,Binod,76990
4685,Ram,80114
4686,Rohit,43319
4687,Gita,62559
4688,Ram,48942
4689,Binod,71483
4690,Sita,111262
4691,Binod,55136
4692,Hari,98902
4693,Hari,91384
4694,Binod,80264
4695,Gita,84428
4696,Anita,45676
4697,Kiran,88018
4698,Sita,43186
4699,Gita,62773
4700,Binod,74899
4701,Rohit,85337
4702,Ram,70028
4703,Hari,71694
4704,Rohit,99448
4705,Hari,38200
4706,Hari,35218
4707,Gita,70227
4708,Ram,65228
4709,Ram,88153
4710,Sita,41082
4711,Anita,79063
4712,Binod,112025
4713,Sita,108432
4714,Gita,53412
4715,Ram,81670
4716,Ram,103116
4717,Binod,51936
4718,Ram,106637
4719,Rohit,95590
4720,Hari,104466
4721,Sita,93138
4722,Gita,65081
4723,Hari,65238
4724,Rohit,106383
4725,Anita,113751
4726,Ram,38732
4727,Anita,69461
4728,Kiran,81861
4729,Hari,56946
4730,Kiran,105771
4731,Sita,109010
4732,Rohit,87884
4733,Kiran,118575
4734,Rohit,32705
4735,Rohit,114792
4736,Rohit,50734
4737,Ram,106470
4738,Rohit,68334
4739,Hari,95399
4740,Gita,42723
4741,Hari,30683
4742,Ram,73149
4743,Sita,108477
4744,Sita,46750
4745,Binod,47613
4746,Gita,67920
4747,Sita,92282
4748,Hari,47988
4749,Gita,41292
4750,Gita,52842
4751,Ram,69374
4752,Sita,94861
4753,Kiran,101884
4754,Hari,78396
4755,Sita,70741
4756,Kiran,101753
4757,Kiran,34064
4758,Gita,79285
4759,Anita,78477
4760,Hari,119470
4761,Kiran,37262
4762,Binod,35816
4763,Binod,46616
4764,Anita,110983
4765,Gita,62414
4766,Anita,33192
4767,Sita,57230
4768,Kiran,54664
4769,Anita,69100
4770,Rohit,79003
4771,Rohit,34444
4772,Anita,87047
4773,Ram,34114
4774,Sita,74381
4775,Hari,114540
4776,Ram,61942
4777,Anita,103929
4778,Gita,33036
4779,Kiran,104852
4780,Rohit,48881
4781,Hari,106995
4782,Anita,73394
4783,Hari,52394
4784,Ram,70569
4785,Binod,46820
4786,Sita,98045
4787,Kiran,108949
4788,Kiran,71067
4789,Hari,34941
4790,Binod,108587
4791,Rohit,34802
4792,Rohit,47540
4793,Anita,42928
4794,Kiran,62750
4795,Rohit,113852
4796,Binod,95183
4797,Ram,37894
4798,Rohit,55413
4799,Anita,40714
4800,Kiran,65423
4801,Rohit,89412
4802,Kiran,93010
4803,Sita,84289
4804,Anita,91288
4805,Anita,109130
4806,Kiran,102433
4807,Binod,76384
4808,Sita,67509
4809,Rohit,68025
4810,Anita,96925
4811,Sita,102638
4812,Kiran,60369
4813,Ram,63154
4814,Sita,108732
4815,Gita,111498
4816,Binod,49155
4817,Ram,48199
4818,Rohit,61853
4819,Binod,106187
4820,Kiran,103689
4821,Binod,86746
4822,Sita,102812
4823,Kiran,60590
4824,Binod,94567
4825,Rohit,116978
4826,Sita,94832
4827,Hari,97106
4828,Ram,33602
4829,Kiran,117587
4830,Binod,104853
4831,Kiran,90517
4832,Kiran,47562
4833,Binod,97689
4834,Ram,80034
4835,Ram,43709
4836,Kiran,112187
4837,Binod,41743
4838,Rohit,83753
4839,Sita,55549
4840,Kiran,103644
4841,Binod,49425
4842,Hari,72945
4843,Rohit,38705
4844,Gita,110956
4845,Hari,76690
4846,Sita,93016
4847,Ram,116525
4848,Rohit,107589
4849,Sita,39946
4850,Sita,47515
4851,Rohit,89111
4852,Binod,74453
4853,Rohit,70961
4854,Sita,75594
4855,Hari,70858
4856,Sita,55898
4857,Kiran,44912
4858,Binod,119081
4859,Ram,105665
4860,Gita,106558
4861,Hari,118700
4862,Binod,99234
4863,Ram,92664
4864,Sita,112037
4865,Anita,107876
4866,Rohit,102995
4867,Gita,93824
4868,Ram,108075
4869,Sita,73578
4870,Ram,64886
4871,Hari,43890
4872,Anita,69400
4873,Kiran,39757
4874,Anita,38061
4875,Rohit,53508
4876,Rohit,100228
4877,Rohit,76253
4878,Rohit,40648
4879,Kiran,60349
4880,Binod,60877
4881,Rohit,76468
4882,Ram,55033
4883,Hari,44105
4884,Hari,86572
4885,Sita,87205
4886,Sita,59813
4887,Anita,33198
4888,Kiran,86152
4889,Binod,87903
4890,Kiran,94277
4891,Ram,34203
4892,Anita,75017
4893,Binod,117791
4894,Hari,37528
4895,Anita,60775
4896,Gita,93178
4897,Anita,95544
4898,Ram,88742
4899,Anita,113789
4900,Binod,88032
4901,Gita,74623
4902,Kiran,84791
4903,Gita,69213
4904,Binod,112498
4905,Rohit,51090
4906,Anita,117848
4907,Sita,83539
4908,Gita,56373
4909,Sita,75887
4910,Hari,45518
4911,Rohit,43906
4912,Anita,31199
4913,Rohit,94921
4914,Anita,106948
4915,Ram,44101
4916,Gita,41441
4917,Kiran,115625
4918,Anita,99923
4919,Sita,70403
4920,Hari,50425
4921,Ram,115975
4922,Binod,89956
4923,Gita,38648
4924,Kiran,64364
4925,Binod,72836
4926,Kiran,36764
4927,Anita,113622
4928,Kiran,112598
4929,Rohit,117932
4930,Hari,53590
4931,Gita,84359
4932,Ram,89280
4933,Ram,35642
4934,Kiran,39834
4935,Gita,85251
4936,Sita,39662
4937,Ram,65323
4938,Ram,116506
4939,Ram,81558
4940,Kiran,105975
4941,Anita,111946
4942,Kiran,94899
4943,Hari,110934
4944,Binod,39517
4945,Hari,36140
4946,Hari,111339
4947,Ram,63732
4948,Kiran,77180
4949,Hari,111111
4950,Hari,66015
4951,Anita,40184
4952,Sita,44252
4953,Hari,37937
4954,Ram,74750
4955,Ram,73563
4956,Hari,36114
4957,Hari,41370
4958,Anita,112437
4959,Rohit,117474
4960,Ram,56238
4961,Ram,107814
4962,Rohit,65213
4963,Binod,56678
4964,Hari,86874
4965,Ram,89024
4966,Anita,31261
4967,Hari,47462
4968,Sita,39168
4969,Gita,113826
4970,Hari,39967
4971,Anita,34832
4972,Ram,77947
4973,Binod,114310
4974,Binod,49489
4975,Sita,71487
4976,Anita,108504
4977,Sita,94354
4978,Ram,105085
4979,Hari,60294
4980,Hari,71799
4981,Gita,36763
4982,Kiran,80649
4983,Ram,116675
4984,Ram,54725
4985,Rohit,61448
4986,Binod,71390
4987,Rohit,62550
4988,Gita,113944
4989,Anita,52426
4990,Rohit,116274
4991,Anita,74961
4992,Gita,95502
4993,Hari,117095
4994,Ram,113316
4995,Kiran,43268
4996,Kiran,71417
4997,Gita,47932
4998,Anita,41581
4999,Kiran,118602
5000,Sita,113067
5001,Kiran,46946
5002,Gita,30883
5003,Ram,46209
5004,Rohit,44816
5005,Rohit,58848
5006,Rohit,86541
5007,Hari,115877
5008,Gita,80908
5009,Sita,72695
5010,Sita,71607
5011,Anita,40295
5012,Rohit,34221
5013,Hari,36724
5014,Gita,106813
5015,Kiran,41927
5016,Ram,58775
5017,Hari,64390
5018,Anita,84124
5019,Hari,103066
5020,Binod,70216
5021,Kiran,38290
5022,Binod,98790
5023,Binod,70865
5024,Anita,40615
5025,Gita,82718
5026,Hari,57966
5027,Binod,100919
5028,Anita,73750
5029,Binod,50943
5030,Anita,110482
5031,Rohit,116927
5032,Hari,55107
5033,Rohit,32978
5034,Ram,108316
5035,Kiran,52960
5036,Hari,31360
5037,Sita,47196
5038,Sita,107186
5039,Rohit,104616
5040,Sita,113279
5041,Hari,116581
5042,Anita,70637
5043,Hari,43595
5044,Sita,119802
5045,Anita,84802
5046,Ram,97672
5047,Gita,39647
5048,Rohit,98776
5049,Anita,50724
5050,Sita,62329
5051,Gita,99805
5052,Gita,111787
5053,Ram,42836
5054,Ram,88917
5055,Sita,34158
5056,Binod,32671
5057,Anita,70098
5058,Sita,88622
5059,Sita,107007
5060,Binod,35826
5061,Hari,85204
5062,Rohit,81431
5063,Ram,85438
5064,Gita,116524
5065,Ram,67781
5066,Gita,93258
5067,Gita,42252
5068,Sita,73425
5069,Ram,108238
5070,Sita,40302
5071,Hari,54114
5072,Kiran,53008
5073,Gita,53372
5074,Sita,80366
5075,Anita,50991
5076,Ram,69847
5077,Kiran,116115
5078,Rohit,51547
5079,Hari,65182
5080,Kiran,39358
5081,Hari,59247
5082,Rohit,46701
5083,Sita,111164
5084,Anita,71566
5085,Anita,62369
5086,Binod,117839
5087,Gita,57973
5088,Binod,108124
5089,Anita,31583
5090,Rohit,85454
5091,Sita,50483
5092,Rohit,50728
5093,Rohit,107775
5094,Hari,54372
5095,Binod,81509
5096,Anita,58255
5097,Gita,119074
5098,Binod,80610
5099,Gita,74268
5100,Ram,57719
5101,Anita,100929
5102,Ram,115355
5103,Kiran,87862
5104,Gita,95049
5105,Rohit,112675
5106,Anita,53467
5107,Kiran,82522
5108,Rohit,89758
5109,Anita,62638
5110,Hari,67440
5111,Gita,43156
5112,Sita,103102
5113,Sita,45411
5114,Ram,102597
5115,Rohit,86984
5116,Binod,118836
5117,Sita,51399
5118,Sita,91763
5119,Anita,108113
5120,Gita,46921
5121,Gita,60551
5122,Binod,52708
5123,Ram,90112
5124,Ram,58016
5125,Ram,53486
5126,Gita,50021
5127,Ram,117135
5128,Gita,87533
5129,Gita,74142
5130,Sita,101746
5131,Anita,43942
5132,Anita,42530
5133,Sita,46126
5134,Anita,46694
5135,Rohit,89171
5136,Ram,56514
5137,Binod,76511
5138,Gita,32126
5139,Binod,85809
5140,Ram,94702
5141,Anita,107817
5142,Rohit,59664
5143,Ram,30016
5144,Rohit,91907
5145,Gita,39491
5146,Hari,76866
5147,Hari,66901
5148,Hari,83440
5149,Ram,73959
5150,Sita,75028
5151,Anita,35035
5152,Binod,59449
5153,Binod,33993
5154,Binod,119528
5155,Rohit,116633
5156,Sita,92953
5157,Hari,40684
5158,Anita,78461
5159,Sita,78774
5160,Rohit,109779
5161,Binod,70910
5162,Kiran,41106
5163,Kiran,108218
5164,Rohit,67796
5165,Ram,40413
5166,Rohit,63677
5167,Binod,44364
5168,Anita,31638
5169,Gita,41234
5170,Ram,114700
5171,Kiran,63325
5172,Anita,95115
5173,Hari,118389
5174,Rohit,88833
5175,Kiran,76712
5176,Hari,89996
5177,Binod,66709
5178,Binod,109061
5179,Kiran,51822
5180,Kiran,80810
5181,Anita,64339
5182,Kiran,64320
5183,Hari,30012
5184,Hari,76415
5185,Rohit,118704
5186,Anita,43217
5187,Kiran,118931
5188,Hari,99175
5189,Hari,76989
5190,Ram,53440
5191,Rohit,68363
5192,Gita,61581
5193,Kiran,39319
5194,Ram,32883
5195,Binod,110724
5196,Ram,110604
5197,Gita,36013
5198,Sita,103339
5199,Rohit,42708
5200,Gita,31408
5201,Anita,102599
5202,Rohit,46390
5203,Rohit,119018
5204,Binod,84602
5205,Rohit,42532
5206,Hari,67000
5207,Rohit,113192
5208,Binod,37870
5209,Hari,57859
5210,Rohit,74202
5211,Gita,30424
5212,Hari,83587
5213,Sita,74344
5214,Gita,85988
5215,Kiran,75453
5216,Ram,36319
5217,Hari,91634
5218,Hari,47673
5219,Rohit,107995
5220,Ram,85128
5221,Anita,69651
5222,Sita,95988
5223,Sita,102769
5224,Anita,30621
5225,Binod,71558
5226,Sita,47251
5227,Rohit,67293
5228,Binod,118649
5229,Sita,36517
5230,Binod,112911
5231,Rohit,92224
5232,Rohit,106743
5233,Kiran,88167
5234,Anita,93928
5235,Gita,92323
5236,Gita,105853
5237,Ram,116887
5238,Hari,84661
5239,Sita,50666
5240,Hari,48730
5241,Gita,46438
5242,Anita,60441
5243,Kiran,56945
5244,Kiran,70960
5245,Rohit,74215
5246,Binod,99613
5247,Ram,52252
5248,Gita,99222
5249,Binod,47640
5250,Rohit,50470
5251,Ram,52586
5252,Kiran,58806
5253,Hari,77938
5254,Gita,113659
5255,Sita,81030
5256,Hari,85626
5257,Anita,81416
5258,Hari,101485
5259,Binod,108308
5260,Hari,62946
5261,Binod,75063
5262,Hari,37815
5263,Binod,66408
5264,Gita,108058
5265,Sita,113589
5266,Hari,56454
5267,Binod,107549
5268,Gita,114778
5269,Gita,89352
5270,Anita,72526
5271,Binod,85789
5272,Sita,95513
5273,Gita,44277
5274,Hari,113362
5275,Rohit,104877
5276,Hari,40334
5277,Kiran,118918
5278,Binod,96254
5279,Kiran,111283
5280,Ram,81597
5281,Ram,78549
5282,Sita,104622
5283,Gita,65120
5284,Kiran,32177
5285,Kiran,59080
5286,Gita,119834
5287,Hari,106900
5288,Rohit,37950
5289,Anita,94750
5290,Kiran,78750
5291,Kiran,84608
5292,Ram,86855
5293,Ram,59013
5294,Binod,61388
5295,Sita,96969
5296,Kiran,71767
5297,Binod,76273
5298,Hari,51987
5299,Kiran,67866
5300,Sita,97111
5301,Kiran,119513
5302,Hari,51010
5303,Rohit,76340
5304,Hari,107251
5305,Anita,52441
5306,Binod,105908
5307,Binod,60985
5308,Binod,67261
5309,Binod,63574
5310,Sita,36374
5311,Anita,82962
5312,Ram,76496
5313,Sita,57046
5314,Kiran,70924
5315,Kiran,78194
5316,Sita,53766
5317,Kiran,43762
5318,Rohit,79453
5319,Anita,48866
5320,Hari,108750
5321,Anita,74335
5322,Rohit,79683
5323,Ram,66891
5324,Sita,41611
5325,Hari,84678
5326,Rohit,43191
5327,Kiran,37329
5328,Hari,47123
5329,Anita,47389
5330,Anita,39061
5331,Sita,90197
5332,Ram,56811
5333,Gita,64962
5334,Binod,38194
5335,Ram,90262
5336,Hari,44386
5337,Gita,41158
5338,Anita,79853
5339,Kiran,106183
5340,Hari,108825
5341,Gita,112021
5342,Hari,73700
5343,Gita,51202
5344,Anita,58952
5345,Hari,45145
5346,Ram,117064
5347,Kiran,45550
5348,Rohit,97568
5349,Anita,114056
5350,Gita,112670
5351,Anita,63653
5352,Rohit,82913
5353,Kiran,33774
5354,Rohit,94924
5355,Anita,94924
5356,Rohit,32985
5357,Hari,106114
5358,Gita,36472
5359,Gita,46331
5360,Rohit,44588
5361,Binod,46865
5362,Ram,116363
5363,Hari,110120
5364,Anita,42363
5365,Ram,61200
5366,Gita,64442
5367,Binod,100608
5368,Ram,114577
5369,Hari,59850
5370,Rohit,61481
5371,Sita,97808
5372,Anita,80464
5373,Ram,100436
5374,Hari,102997
5375,Ram,84682
5376,Anita,84943
5377,Gita,70054
5378,Rohit,47427
5379,Kiran,54488
5380,Rohit,72334
5381,Anita,75069
5382,Gita,53360
5383,Ram,49002
5384,Hari,80055
5385,Binod,101079
5386,Binod,107913
5387,Gita,115179
5388,Gita,40417
5389,Rohit,75270
5390,Ram,70595
5391,Anita,83250
5392,Sita,114341
5393,Anita,114863
5394,Binod,100009
5395,Anita,95855
5396,Anita,92334
5397,Gita,31233
5398,Binod,66485
5399,Kiran,114099
5400,Rohit,37585
5401,Gita,40749
5402,Rohit,46649
5403,Binod,98261
5404,Gita,94324
5405,Ram,88391
5406,Sita,56119
5407,Anita,71263
5408,Sita,117267
5409,Sita,103459
5410,Ram,30008
5411,Binod,95868
5412,Binod,32866
5413,Sita,86140
5414,Hari,53057
5415,Ram,45756
5416,Ram,70304
5417,Kiran,63649
5418,Hari,103033
5419,Hari,40213
5420,Rohit,51948
5421,Sita,35849
5422,Anita,55289
5423,Sita,107529
5424,Gita,84866
5425,Ram,68704
5426,Ram,52192
5427,Binod,74103
5428,Binod,105974
5429,Binod,99856
5430,Gita,60767
5431,Ram,49717
5432,Binod,62498
5433,Hari,105737
5434,Rohit,84319
5435,Sita,101190
5436,Hari,116653
5437,Rohit,55476
5438,Hari,40731
5439,Ram,57254
5440,Sita,110024
5441,Binod,98711
5442,Rohit,90388
5443,Anita,110727
5444,Rohit,102699
5445,Gita,101434
5446,Kiran,115131
5447,Kiran,113147
5448,Binod,88788
5449,Anita,58579
5450,Anita,87212
5451,Hari,49613
5452,Sita,72516
5453,Binod,54071
5454,Binod,113953
5455,Binod,38943
5456,Anita,92650
5457,Sita,96154
5458,Rohit,88412
5459,Ram,116414
5460,Ram,40766
5461,Sita,42769
5462,Anita,63864
5463,Binod,83673
5464,Gita,107973
5465,Binod,69920
5466,Ram,100544
5467,Anita,77167
5468,Ram,116596
5469,Rohit,68654
5470,Gita,44877
5471,Kiran,39475
5472,Gita,51633
5473,Hari,99694
5474,Kiran,68882
5475,Hari,41838
5476,Ram,60501
5477,Binod,83482
5478,Kiran,84136
5479,Ram,91765
5480,Kiran,32908
5481,Sita,61026
5482,Binod,43321
5483,Rohit,72974
5484,Gita,80438
5485,Rohit,72074
5486,Gita,85056
5487,Ram,118574
5488,Binod,102481
5489,Gita,54525
5490,Anita,99357
5491,Hari,38794
5492,Anita,63348
5493,Gita,55001
5494,Kiran,98187
5495,Gita,118182
5496,Ram,95909
5497,Anita,84033
5498,Ram,70580
5499,Binod,61378
5500,Kiran,114017
5501,Gita,116059
5502,Ram,66499
5503,Hari,95386
5504,Sita,83534
5505,Ram,119140
5506,Hari,103136
5507,Anita,34938
5508,Rohit,43477
5509,Ram,47781
5510,Anita,93497
5511,Rohit,92991
5512,Binod,36153
5513,Ram,52099
5514,Hari,81062
5515,Binod,106480
5516,Gita,66366
5517,Rohit,58044
5518,Sita,34483
5519,Binod,104803
5520,Gita,81750
5521,Sita,92274
5522,Ram,54377
5523,Rohit,119826
5524,Binod,115787
5525,Kiran,70734
5526,Gita,48790
5527,Hari,105419
5528,Ram,44694
5529,Kiran,67039
5530,Sita,53775
5531,Ram,103539
5532,Rohit,35423
5533,Gita,49599
5534,Binod,99864
5535,Sita,70058
5536,Sita,96339
5537,Sita,103939
5538,Binod,53432
5539,Sita,112353
5540,Hari,82158
5541,Anita,74139
5542,Anita,49985
5543,Anita,52714
5544,Anita,30961
5545,Sita,116065
5546,Sita,72753
5547,Gita,60923
5548,Rohit,100744
5549,Kiran,85487
5550,Hari,78275
5551,Gita,54064
5552,Anita,34551
5553,Sita,31362
5554,Ram,46117
5555,Sita,117683
5556,Gita,43859
5557,Ram,40525
5558,Rohit,36128
5559,Rohit,32342
5560,Binod,31419
5561,Gita,103456
5562,Ram,72392
5563,Ram,94567
5564,Hari,45932
5565,Sita,31970
5566,Gita,70101
5567,Sita,113793
5568,Binod,59024
5569,Binod,49417
5570,Anita,39330
5571,Hari,86577
5572,Sita,48999
5573,Hari,87215
5574,Hari,66205
5575,Ram,79597
5576,Kiran,60622
5577,Rohit,70504
5578,Rohit,37164
5579,Sita,55063
5580,Anita,102960
5581,Rohit,97356
5582,Sita,57439
5583,Ram,64855
5584,Ram,45485
5585,Hari,31514
5586,Kiran,85754
5587,Rohit,105077
5588,Rohit,87139
5589,Kiran,34396
5590,Hari,96422
5591,Anita,83889
5592,Gita,81483
5593,Gita,32955
5594,Gita,30300
5595,Anita,73950
5596,Gita,45824
5597,Binod,81909
5598,Ram,60573
5599,Hari,64428
5600,Rohit,76477
5601,Anita,111670
5602,Ram,111527
5603,Binod,61454
5604,Kiran,101136
5605,Sita,30881
5606,Sita,99347
5607,Anita,74611
5608,Kiran,103488
5609,Hari,90477
5610,Ram,46862
5611,Ram,66008
5612,Kiran,34870
5613,Sita,45252
5614,Ram,112128
5615,Kiran,110397
5616,Sita,72259
5617,Binod,119568
5618,Anita,32030
5619,Gita,35758
5620,Ram,111886
5621,Sita,103701
5622,Binod,44252
5623,Anita,81716
5624,Binod,95980
5625,Sita,32511
5626,Sita,87098
5627,Rohit,54758
5628,Binod,32323
5629,Gita,85837
5630,Ram,35270
5631,Binod,94438
5632,Binod,69757
5633,Hari,56831
5634,Gita,47562
5635,Binod,113181
5636,Kiran,52056
5637,Hari,78220
5638,Ram,39211
5639,Hari,46078
5640,Anita,81053
5641,Ram,116508
5642,Anita,60012
5643,Binod,51897
5644,Rohit,116748
5645,Anita,55337
5646,Hari,69179
5647,Gita,61534
5648,Ram,62944
5649,Gita,101449
5650,Ram,119701
5651,Rohit,89126
5652,Rohit,87468
5653,Ram,101056
5654,Anita,49141
5655,Binod,104743
5656,Kiran,83275
5657,Anita,84105
5658,Sita,60464
5659,Gita,31261
5660,Rohit,80204
5661,Ram,57676
5662,Gita,63066
5663,Kiran,69002
5664,Anita,60070
5665,Ram,37419
5666,Hari,83944
5667,Binod,33077
5668,Hari,63073
5669,Gita,74779
5670,Anita,93597
5671,Kiran,74816
5672,Binod,72556
5673,Ram,105596
5674,Hari,69568
5675,Gita,110961
5676,Sita,100445
5677,Kiran,63768
5678,Rohit,84574
5679,Anita,61349
5680,Binod,47354
5681,Kiran,91996
5682,Anita,74004
5683,Sita,30852
5684,Gita,105863
5685,Ram,47253
5686,Gita,115757
5687,Sita,41336
5688,Kiran,113098
5689,Kiran,95905
5690,Gita,111978
5691,Sita,67077
5692,Kiran,115447
5693,Gita,62864
5694,Kiran,109854
5695,Rohit,39409
5696,Gita,45546
5697,Hari,33713
5698,Binod,39388
5699,Kiran,58775
5700,Hari,97050
5701,Sita,57320
5702,Anita,115154
5703,Hari,48853
5704,Rohit,98073
5705,Rohit,94145
5706,Rohit,44699
5707,Kiran,65928
5708,Anita,54600
5709,Sita,94208
5710,Sita,83659
5711,Binod,86356
5712,Ram,87622
5713,Sita,119871
5714,Binod,91415
5715,Ram,85756
5716,Binod,48188
5717,Ram,43602
5718,Hari,42333
5719,Kiran,75772
5720,Rohit,75005
5721,Kiran,65221
5722,Hari,103476
5723,Hari,36863
5724,Anita,76619
5725,Rohit,106671
5726,Gita,46715
5727,Kiran,62654
5728,Anita,81193
5729,Gita,43109
5730,Kiran,91077
5731,Rohit,59877
5732,Gita,83154
5733,Sita,112965
5734,Sita,98191
5735,Sita,49156
5736,Kiran,36494
5737,Hari,30766
5738,Gita,71592
5739,Anita,111970
5740,Rohit,44479
5741,Ram,70460
5742,Kiran,43557
5743,Binod,102242
5744,Binod,73131
5745,Ram,38771
5746,Kiran,97080
5747,Sita,104178
5748,Binod,79052
5749,Rohit,34182
5750,Sita,86495
5751,Kiran,97473
5752,Sita,42462
5753,Sita,70596
5754,Kiran,33546
5755,Binod,46019
5756,Hari,99970
5757,Kiran,36202
5758,Ram,76836
5759,Hari,94042
5760,Hari,37835
5761,Binod,38726
5762,Sita,109166
5763,Ram,38329
5764,Hari,106784
5765,Binod,41833
5766,Rohit,102306
5767,Rohit,82992
5768,Ram,72369
5769,Sita,36521
5770,Hari,44107
5771,Ram,30654
5772,Binod,71924
5773,Rohit,91182
5774,Rohit,59004
5775,Rohit,99591
5776,Sita,89239
5777,Sita,104618
5778,Kiran,101567
5779,Sita,113935
5780,Anita,59583
5781,Sita,99305
5782,Binod,30230
5783,Hari,65570
5784,Binod,104521
5785,Kiran,81631
5786,Binod,44436
5787,Anita,117899
5788,Gita,62128
5789,Rohit,37959
5790,Ram,72582
5791,Anita,86112
5792,Gita,66525
5793,Binod,95696
5794,Gita,57211
5795,Anita,46792
5796,Ram,33007
5797,Rohit,107481
5798,Hari,97997
5799,Gita,46811
5800,Gita,45587
5801,Binod,95251
5802,Kiran,92549
5803,Hari,114237
5804,Binod,61420
5805,Binod,93296
5806,Binod,105091
5807,Rohit,98166
5808,Rohit,73921
5809,Ram,57305
5810,Kiran,60425
5811,Gita,30862
5812,Rohit,37348
5813,Hari,110768
5814,Anita,55761
5815,Kiran,32267
5816,Rohit,57055
5817,Ram,70110
5818,Anita,65974
5819,Sita,84013
5820,Rohit,98869
5821,Hari,100482
5822,Kiran,34971
5823,Sita,31257
5824,Rohit,41792
5825,Rohit,46775
5826,Ram,60627
5827,Kiran,81510
5828,Kiran,95226
5829,Rohit,103165
5830,Binod,78807
5831,Sita,38836
5832,Sita,60465
5833,Hari,105904
5834,Hari,112429
5835,Rohit,76204
5836,Rohit,69227
5837,Sita,102071
5838,Gita,36252
5839,Binod,110433
5840,Anita,73161
5841,Kiran,84402
5842,Gita,83464
5843,Kiran,48289
5844,Anita,69361
5845,Kiran,31133
5846,Rohit,35633
5847,Binod,35403
5848,Rohit,86417
5849,Hari,57295
5850,Sita,100012
5851,Hari,89250
5852,Kiran,60364
5853,Anita,88291
5854,Hari,83641
5855,Rohit,71398
5856,Ram,95412
5857,Binod,53652
5858,Ram,42990
5859,Kiran,91569
5860,Hari,68049
5861,Kiran,109757
5862,Anita,42398
5863,Sita,64153
5864,Anita,81630
5865,Anita,65136
5866,Rohit,77022
5867,Anita,50459
5868,Kiran,47580
5869,Rohit,90375
5870,Gita,63115
5871,Kiran,36812
5872,Kiran,85997
5873,Binod,64156
5874,Ram,118138
5875,Anita,69210
5876,Kiran,86407
5877,Rohit,89257
5878,Kiran,111660
5879,Binod,73549
5880,Hari,65673
5881,Sita,80766
5882,Gita,59520
5883,Ram,108660
5884,Binod,102693
5885,Gita,78168
5886,Kiran,55934
5887,Hari,77164
5888,Anita,47706
5889,Ram,99001
5890,Anita,112343
5891,Rohit,100242
5892,Anita,35278
5893,Ram,118622
5894,Kiran,42139
5895,Hari,54262
5896,Kiran,102978
5897,Hari,110708
5898,Binod,46664
5899,Hari,49570
5900,Sita,62643
5901,Binod,104933
5902,Gita,54710
5903,Sita,71173
5904,Kiran,116026
5905,Gita,66922
5906,Anita,112196
5907,Gita,73228
5908,Gita,95755
5909,Kiran,57641
5910,Hari,89245
5911,Gita,97936
5912,Hari,50691
5913,Anita,55608
5914,Hari,74291
5915,Hari,41536
5916,Hari,112132
5917,Hari,87978
5918,Binod,102884
5919,Rohit,40140
5920,Hari,32051
5921,Rohit,104712
5922,Sita,52196
5923,Sita,67662
5924,Rohit,58342
5925,Ram,43322
5926,Ram,81667
5927,Anita,56564
5928,Sita,54209
5929,Kiran,100395
5930,Anita,53225
5931,Sita,48629
5932,Ram,30358
5933,Kiran,97339
5934,Anita,71902
5935,Hari,104622
5936,Ram,39010
5937,Kiran,37987
5938,Anita,81449
5939,Sita,64318
5940,Ram,39572
5941,Kiran,89044
5942,Kiran,68920
5943,Gita,78652
5944,Kiran,74101
5945,Binod,39437
5946,Hari,34567
5947,Anita,43796
5948,Gita,101793
5949,Hari,108902
5950,Ram,86781
5951,Gita,70722
5952,Ram,72909
5953,Binod,60830
5954,Gita,52316
5955,Kiran,65339
5956,Kiran,87987
5957,Binod,76941
5958,Sita,85639
5959,Sita,69021
5960,Rohit,115553
5961,Rohit,56416
5962,Gita,115515
5963,Ram,114362
5964,Sita,62204
5965,Rohit,34513
5966,Hari,102822
5967,Anita,57448
5968,Kiran,47304
5969,Kiran,31333
5970,Sita,98641
5971,Anita,73165
5972,Rohit,53018
5973,Rohit,58354
5974,Gita,35846
5975,Sita,66352
5976,Hari,105835
5977,Rohit,66500
5978,Ram,77345
5979,Ram,83257
5980,Ram,93690
5981,Sita,67446
5982,Sita,96054
5983,Sita,95831
5984,Ram,105725
5985,Anita,34444
5986,Anita,77497
5987,Gita,50614
5988,Binod,92269
5989,Kiran,42795
5990,Sita,103408
5991,Sita,87669
5992,Kiran,30565
5993,Rohit,81744
5994,Binod,109138
5995,Kiran,61781
5996,Hari,108677
5997,Anita,89333
5998,Anita,107699
5999,Binod,46567
6000,Anita,39847
6001,Kiran,68867
6002,Hari,91913
6003,Kiran,39511
6004,Binod,99988
6005,Binod,94396
6006,Gita,69246
6007,Hari,56664
6008,Hari,57515
6009,Kiran,87042
6010,Gita,44257
6011,Rohit,66275
6012,Ram,87095
6013,Rohit,104132
6014,Kiran,89500
6015,Anita,53502
6016,Sita,51442
6017,Sita,100341
6018,Kiran,41664
6019,Rohit,39598
6020,Binod,116548
6021,Gita,103983
6022,Hari,39791
6023,Sita,117938
6024,Rohit,105765
6025,Anita,118188
6026,Rohit,37636
6027,Anita,81582
6028,Sita,89142
6029,Anita,110681
6030,Rohit,78347
6031,Gita,100930
6032,Sita,56807
6033,Hari,75494
6034,Kiran,112038
6035,Kiran,82877
6036,Kiran,92648
6037,Kiran,111380
6038,Gita,86075
6039,Hari,50266
6040,Sita,34720
6041,Anita,52856
6042,Rohit,58579
6043,Anita,94706
6044,Anita,87162
6045,Gita,55999
6046,Ram,102933
6047,Ram,69872
6048,Anita,43374
6049,Ram,76252
6050,Hari,95307
6051,Kiran,98623
6052,Ram,77190
6053,Binod,45950
6054,Anita,83446
6055,Sita,51240
6056,Hari,111957
6057,Gita,103478
6058,Rohit,92193
6059,Gita,56521
6060,Kiran,48883
6061,Ram,86277
6062,Rohit,62074
6063,Hari,101885
6064,Anita,93294
6065,Hari,37296
6066,Kiran,108114
6067,Binod,33971
6068,Binod,106087
6069,Anita,114698
6070,Rohit,100131
6071,Hari,51217
6072,Gita,51044
6073,Rohit,75872
6074,Kiran,69525
6075,Hari,43263
6076,Hari,82039
6077,Sita,70737
6078,Binod,77240
6079,Gita,112063
6080,Ram,92823
6081,Binod,34779
6082,Binod,64770
6083,Ram,96058
6084,Hari,45749
6085,Rohit,108057
6086,Gita,104735
6087,Rohit,77929
6088,Sita,53406
6089,Anita,111252
6090,Sita,108798
6091,Ram,117738
6092,Rohit,66999
6093,Ram,42275
6094,Gita,80967
6095,Binod,87147
6096,Binod,81322
6097,Ram,72168
6098,Binod,67174
6099,Rohit,41783
6100,Binod,96152
6101,Sita,35989
6102,Ram,80489
6103,Rohit,73257
6104,Gita,50945
6105,Binod,116423
6106,Hari,33665
6107,Ram,117029
6108,Gita,32741
6109,Anita,61355
6110,Sita,111506
6111,Rohit,111170
6112,Rohit,76104
6113,Sita,34586
6114,Rohit,93110
6115,Ram,118129
6116,Hari,61443
6117,Kiran,33760
6118,Binod,99731
6119,Gita,101646
6120,Kiran,102012
6121,Sita,112148
6122,Ram,35829
6123,Sita,55258
6124,Kiran,95180
6125,Kiran,87712
6126,Binod,98798
6127,Gita,86114
6128,Kiran,67363
6129,Anita,64731
6130,Hari,37733
6131,Binod,117547
6132,Rohit,91112
6133,Rohit,78123
6134,Gita,50615
6135,Sita,83675
6136,Hari,33885
6137,Rohit,74420
6138,Ram,104857
6139,Ram,96091
6140,Hari,83624
6141,Ram,78747
6142,Kiran,45233
6143,Rohit,102818
6144,Hari,54435
6145,Ram,54162
6146,Hari,50985
6147,Binod,105148
6148,Rohit,99769
6149,Hari,71002
6150,Binod,68087
6151,Hari,114943
6152,Sita,71342
6153,Binod,74473
6154,Ram,109253
6155,Gita,95154
6156,Sita,91580
6157,Rohit,40759
6158,Hari,88406
6159,Rohit,51904
6160,Ram,37231
6161,Anita,90513
6162,Ram,51082
6163,Anita,52190
6164,Anita,100176
6165,Hari,50904
6166,Anita,52572
6167,Binod,39894
6168,Kiran,77505
6169,Kiran,33379
6170,Sita,50759
6171,Rohit,81102
6172,Anita,38863
6173,Rohit,30688
6174,Binod,40611
6175,Anita,56169
6176,Anita,37088
6177,Anita,76472
6178,Gita,110544
6179,Gita,85395
6180,Sita,32491
6181,Anita,79840
6182,Anita,31443
6183,Sita,35499
6184,Kiran,109586
6185,Kiran,81606
6186,Anita,82986
6187,Binod,76323
6188,Kiran,42695
6189,Gita,41397
6190,Ram,36323
6191,Kiran,97442
6192,Ram,106276
6193,Kiran,96107
6194,Binod,55439
6195,Ram,84993
6196,Kiran,68889
6197,Gita,53228
6198,Rohit,117837
6199,Binod,97592
6200,Anita,103726
6201,Kiran,85901
6202,Ram,37505
6203,Rohit,94849
6204,Kiran,58249
6205,Sita,60571
6206,Kiran,50511
6207,Rohit,89748
6208,Anita,86129
6209,Kiran,115929
6210,Anita,82329
6211,Rohit,113188
6212,Ram,80468
6213,Kiran,59705
6214,Anita,53205
6215,Ram,67016
6216,Sita,85302
6217,Rohit,55729
6218,Gita,97798
6219,Binod,61459
6220,Anita,66353
6221,Binod,96995
6222,Ram,60434
6223,Rohit,61103
6224,Kiran,39421
6225,Anita,109583
6226,Anita,40133
6227,Kiran,105191
6228,Hari,105820
6229,Kiran,106793
6230,Rohit,48638
6231,Binod,30099
6232,Binod,48864
6233,Ram,97578
6234,Rohit,100310
6235,Sita,105025
6236,Hari,115687
6237,Kiran,30156
6238,Binod,110797
6239,Kiran,70684
6240,Sita,72251
6241,Gita,40159
6242,Ram,41399
6243,Ram,85399
6244,Anita,104159
6245,Gita,47006
6246,Kiran,105152
6247,Ram,84720
6248,Binod,78695
6249,Anita,34436
6250,Rohit,85865
6251,Ram,80967
6252,Rohit,73180
6253,Sita,87634
6254,Kiran,95194
6255,Ram,91784
6256,Anita,109261
6257,Sita,88357
6258,Ram,67762
6259,Hari,33755
6260,Binod,80488
6261,Hari,86683
6262,Rohit,83984
6263,Ram,114547
6264,Binod,69502
6265,Ram,108419
6266,Kiran,33463
6267,Ram,110983
6268,Ram,76046
6269,Binod,97547
6270,Ram,71073
6271,Ram,116777
6272,Gita,46761
6273,Sita,76633
6274,Ram,35827
6275,Binod,76675
6276,Hari,107668
6277,Binod,74745
6278,Rohit,39341
6279,Ram,37200
6280,Gita,52746
6281,Sita,94067
6282,Rohit,101276
6283,Ram,65479
6284,Gita,107296
6285,Binod,39555
6286,Rohit,117654
6287,Anita,113472
6288,Sita,118004
6289,Gita,63886
6290,Gita,73465
6291,Sita,64044
6292,Rohit,101968
6293,Gita,88387
6294,Hari,41820
6295,Hari,97702
6296,Kiran,105079
6297,Binod,97415
6298,Hari,88927
6299,Ram,62549
6300,Rohit,54030
6301,Hari,114589
6302,Sita,70009
6303,Rohit,114372
6304,Anita,55507
6305,Sita,72946
6306,Sita,92151
6307,Kiran,39875
6308,Ram,84459
6309,Ram,97838
6310,Kiran,34497
6311,Rohit,66475
6312,Sita,55627
6313,Binod,34018
6314,Kiran,91678
6315,Anita,71354
6316,Anita,89249
6317,Anita,57940
6318,Gita,35166
6319,Ram,32302
6320,Rohit,61440
6321,Gita,53596
6322,Kiran,49677
6323,Rohit,74797
6324,Kiran,33565
6325,Ram,95675
6326,Anita,30510
6327,Kiran,103600
6328,Ram,114802
6329,Rohit,102322
6330,Sita,111665
6331,Gita,95482
6332,Hari,111223
6333,Anita,79883
6334,Hari,79728
6335,Ram,37670
6336,Gita,84878
6337,Sita,67608
6338,Rohit,79407
6339,Anita,49371
6340,Rohit,119662
6341,Gita,109998
6342,Ram,91154
6343,Binod,63737
6344,Anita,34988
6345,Hari,100748
6346,Anita,53691
6347,Binod,51491
6348,Binod,112828
6349,Sita,84816
6350,Gita,116884
6351,Anita,78093
6352,Kiran,32845
6353,Binod,109480
6354,Anita,111518
6355,Kiran,75741
6356,Sita,61536
6357,Anita,114598
6358,Rohit,67923
6359,Gita,89594
6360,Rohit,109137
6361,Ram,119142
6362,Anita,42706
6363,Rohit,80793
6364,Hari,102687
6365,Sita,92920
6366,Ram,89649
6367,Rohit,77328
6368,Binod,66191
6369,Sita,119130
6370,Gita,52577
6371,Ram,76904
6372,Gita,104834
6373,Hari,117845
6374,Binod,53043
6375,Hari,96967
6376,Anita,97103
6377,Binod,53301
6378,Rohit,44590
6379,Ram,110637
6380,Anita,101108
6381,Anita,89571
6382,Kiran,59904
6383,Gita,40102
6384,Hari,101468
6385,Sita,66196
6386,Hari,52078
6387,Binod,46802
6388,Sita,80568
6389,Gita,33510
6390,Ram,102913
6391,Rohit,112016
6392,Hari,88119
6393,Gita,50998
6394,Gita,89849
6395,Anita,63244
6396,Kiran,70469
6397,Rohit,31429
6398,Rohit,105425
6399,Gita,82319
6400,Sita,34993
6401,Anita,47715
6402,Binod,108195
6403,Hari,106236
6404,Kiran,37268
6405,Hari,78664
6406,Binod,31001
6407,Anita,43178
6408,Anita,96150
6409,Ram,96739
6410,Hari,69337
6411,Ram,42118
6412,Binod,54852
6413,Anita,101071
6414,Ram,90235
6415,Hari,53335
6416,Gita,91517
6417,Binod,83477
6418,Rohit,48602
6419,Ram,119470
6420,Hari,41060
6421,Binod,98365
6422,Gita,41594
6423,Binod,117109
6424,Hari,38246
6425,Hari,97754
6426,Ram,48437
6427,Rohit,115333
6428,Ram,50449
6429,Kiran,52004
6430,Anita,38609
6431,Rohit,107921
6432,Binod,84929
6433,Rohit,111477
6434,Rohit,60277
6435,Ram,65245
6436,Binod,87869
6437,Anita,82922
6438,Kiran,31771
6439,Sita,107116
6440,Gita,92010
6441,Binod,55376
6442,Anita,66047
6443,Sita,40982
6444,Gita,101666
6445,Kiran,118592
6446,Binod,113988
6447,Sita,53227
6448,Kiran,42172
6449,Kiran,50414
6450,Kiran,101279
6451,Rohit,31424
6452,Binod,94194
6453,Ram,73617
6454,Anita,34465
6455,Hari,79425
6456,Gita,109837
6457,Anita,100727
6458,Sita,100536
6459,Anita,90199
6460,Rohit,107893
6461,Anita,32744
6462,Sita,58912
6463,Kiran,51986
6464,Ram,38058
6465,Kiran,42179
6466,Rohit,92973
6467,Hari,39672
6468,Binod,33050
6469,Kiran,58149
6470,Rohit,84778
6471,Anita,45466
6472,Ram,86208
6473,Kiran,75270
6474,Hari,108599
6475,Ram,100657
6476,Kiran,107790
6477,Anita,33697
6478,Binod,95582
6479,Kiran,100571
6480,Binod,49830
6481,Gita,78472
6482,Binod,94913
6483,Gita,41731
6484,Sita,97567
6485,Sita,50630
6486,Sita,35937
6487,Gita,61118
6488,Ram,48927
6489,Gita,52901
6490,Gita,105837
6491,Rohit,41840
6492,Hari,49964
6493,Gita,55902
6494,Kiran,77108
6495,Ram,61968
6496,Anita,67075
6497,Sita,104407
6498,Sita,112581
6499,Ram,95230
6500,Ram,72152
6501,Kiran,61250
6502,Kiran,56311
6503,Anita,61890
6504,Kiran,34784
6505,Binod,86395
6506,Ram,85681
6507,Anita,34067
6508,Sita,54865
6509,Kiran,40031
6510,Binod,77274
6511,Rohit,99032
6512,Rohit,115535
6513,Rohit,54487
6514,Anita,108129
6515,Rohit,34453
6516,Hari,64659
6517,Anita,63405
6518,Anita,40268
6519,Hari,52610
6520,Binod,48081
6521,Ram,66076
6522,Anita,95610
6523,Sita,89819
6524,Ram,47910
6525,Anita,105420
6526,Kiran,41000
6527,Rohit,39030
6528,Anita,92232
6529,Sita,37364
6530,Kiran,43520
6531,Anita,51296
6532,Rohit,100099
6533,Anita,84451
6534,Binod,39959
6535,Ram,89350
6536,Hari,73631
6537,Hari,103247
6538,Hari,55990
6539,Rohit,73653
6540,Kiran,73088
6541,Ram,64270
6542,Hari,107475
6543,Binod,75377
6544,Hari,47944
6545,Hari,44035
6546,Ram,87801
6547,Anita,77383
6548,Sita,84947
6549,Hari,44314
6550,Gita,72649
6551,Binod,94388
6552,Binod,95555
6553,Binod,31030
6554,Ram,66552
6555,Kiran,41405
6556,Kiran,44700
6557,Ram,116564
6558,Rohit,66897
6559,Rohit,83704
6560,Binod,78574
6561,Anita,111790
6562,Kiran,51115
6563,Ram,96154
6564,Hari,75140
6565,Rohit,75249
6566,Ram,91957
6567,Rohit,104322
6568,Ram,65100
6569,Hari,113979
6570,Gita,30549
6571,Gita,101512
6572,Kiran,96168
6573,Kiran,98318
6574,Rohit,52685
6575,Rohit,55662
6576,Sita,108043
6577,Anita,90579
6578,Rohit,36134
6579,Binod,82731
6580,Rohit,53205
6581,Anita,86531
6582,Anita,47850
6583,Ram,116158
6584,Rohit,103329
6585,Binod,59742
6586,Rohit,103796
6587,Binod,108530
6588,Sita,88521
6589,Gita,50557
6590,Ram,57866
6591,Hari,47320
6592,Ram,86965
6593,Hari,32405
6594,Rohit,118771
6595,Anita,62037
6596,Kiran,56701
6597,Binod,117932
6598,Kiran,109272
6599,Ram,96105
6600,Kiran,42729
6601,Binod,87229
6602,Sita,49770
6603,Hari,119689
6604,Kiran,64857
6605,Kiran,99241
6606,Gita,69921
6607,Hari,64947
6608,Anita,108663
6609,Ram,75938
6610,Rohit,104324
6611,Gita,99080
6612,Gita,45313
6613,Ram,70136
6614,Sita,86081
6615,Ram,55959
6616,Kiran,99426
6617,Ram,106905
6618,Anita,81326
6619,Ram,93543
6620,Anita,77099
6621,Sita,59018
6622,Hari,53808
6623,Rohit,81399
6624,Rohit,51199
6625,Gita,113481
6626,Ram,59449
6627,Ram,35596
6628,Binod,86479
6629,Binod,109905
6630,Gita,85759
6631,Kiran,46505
6632,Rohit,46932
6633,Gita,61003
6634,Kiran,31556
6635,Sita,42688
6636,Ram,79462
6637,Anita,94767
6638,Sita,62514
6639,Gita,51219
6640,Ram,91143
6641,Kiran,67209
6642,Ram,53481
6643,Sita,115648
6644,Gita,54220
6645,Gita,97608
6646,Ram,41653
6647,Hari,49162
6648,Rohit,116788
6649,Kiran,39105
6650,Ram,88797
6651,Binod,104981
6652,Rohit,81021
6653,Sita,79919
6654,Rohit,61153
6655,Hari,96524
6656,Binod,69951
6657,Binod,101372
6658,Anita,55866
6659,Rohit,54165
6660,Gita,117017
6661,Gita,110332
6662,Rohit,89715
6663,Kiran,38005
6664,Ram,30591
6665,Binod,40934
6666,Rohit,41419
6667,Hari,79640
6668,Kiran,117112
6669,Anita,33119
6670,Rohit,98430
6671,Gita,83297
6672,Rohit,93076
6673,Gita,51581
6674,Ram,51118
6675,Hari,34869
6676,Kiran,80347
6677,Sita,106819
6678,Anita,85512
6679,Gita,32851
6680,Rohit,106594
6681,Anita,41000
6682,Rohit,30289
6683,Anita,64030
6684,Sita,85937
6685,Kiran,72581
6686,Hari,44160
6687,Hari,33531
6688,Rohit,118789
6689,Sita,41507
6690,Binod,53239
6691,Gita,111006
6692,Kiran,72993
6693,Kiran,70165
6694,Kiran,119718
6695,Binod,118707
6696,Sita,39047
6697,Binod,48602
6698,Hari,92575
6699,Anita,107296
6700,Gita,94557
6701,Anita,49528
6702,Rohit,62347
6703,Anita,115427
6704,Binod,62346
6705,Binod,114706
6706,Ram,112624
6707,Ram,55048
6708,Sita,34711
6709,Kiran,83343
6710,Sita,84645
6711,Anita,103311
6712,Anita,98425
6713,Hari,51572
6714,Gita,31826
6715,Hari,50423
6716,Binod,87967
6717,Rohit,70645
6718,Rohit,47535
6719,Ram,71940
6720,Rohit,79411
6721,Anita,80490
6722,Kiran,94668
6723,Kiran,110589
6724,Rohit,114682
6725,Hari,83793
6726,Rohit,53807
6727,Kiran,110660
6728,Hari,103821
6729,Binod,63331
6730,Kiran,55359
6731,Hari,58659
6732,Gita,74885
6733,Binod,91150
6734,Rohit,75955
6735,Anita,64155
6736,Binod,52724
6737,Hari,72459
6738,Binod,119619
6739,Rohit,109189
6740,Binod,105470
6741,Kiran,76330
6742,Rohit,57353
6743,Kiran,36436
6744,Anita,50732
6745,Sita,53947
6746,Rohit,70126
6747,Anita,44043
6748,Hari,39842
6749,Sita,36292
6750,Sita,85765
6751,Sita,100419
6752,Kiran,36259
6753,Kiran,68225
6754,Hari,68548
6755,Hari,44557
6756,Hari,41067
6757,Anita,68828
6758,Anita,103906
6759,Ram,43123
6760,Sita,94946
6761,Hari,119206
6762,Rohit,104664
6763,Sita,104071
6764,Anita,106822
6765,Gita,102579
6766,Sita,109308
6767,Anita,98896
6768,Rohit,90492
6769,Binod,108561
6770,Gita,102034
6771,Rohit,49269
6772,Hari,45601
6773,Hari,105568
6774,Ram,112341
6775,Binod,35052
6776,Ram,52526
6777,Rohit,76912
6778,Kiran,84512
6779,Hari,31671
6780,Kiran,37066
6781,Anita,103667
6782,Hari,82400
6783,Hari,67033
6784,Kiran,65053
6785,Hari,30876
6786,Sita,108712
6787,Gita,59311
6788,Ram,80662
6789,Anita,97664
6790,Rohit,65927
6791,Kiran,58955
6792,Ram,68453
6793,Ram,34778
6794,Ram,35026
6795,Gita,114496
6796,Rohit,99176
6797,Rohit,47822
6798,Hari,78750
6799,Ram,44345
6800,Rohit,59885
6801,Rohit,82093
6802,Hari,57518
6803,Binod,80287
6804,Rohit,51714
6805,Gita,32299
6806,Anita,66786
6807,Hari,30096
6808,Ram,110983
6809,Hari,104966
6810,Kiran,83789
6811,Hari,38896
6812,Ram,71220
6813,Gita,113117
6814,Hari,66616
6815,Rohit,64752
6816,Rohit,91589
6817,Ram,74916
6818,Binod,79281
6819,Gita,60508
6820,Kiran,30173
6821,Anita,76248
6822,Rohit,107961
6823,Rohit,119278
6824,Hari,86857
6825,Ram,38219
6826,Hari,62519
6827,Gita,45716
6828,Rohit,35803
6829,Anita,42364
6830,Anita,116944
6831,Binod,70411
6832,Sita,48324
6833,Gita,106404
6834,Rohit,53938
6835,Hari,97322
6836,Hari,49307
6837,Binod,32831
6838,Sita,108550
6839,Sita,97266
6840,Kiran,34406
6841,Kiran,89832
6842,Anita,35187
6843,Gita,90920
6844,Rohit,81930
6845,Ram,108693
6846,Kiran,117287
6847,Sita,71581
6848,Ram,42642
6849,Gita,72335
6850,Rohit,119762
6851,Hari,65922
6852,Binod,55659
6853,Ram,31403
6854,Anita,74839
6855,Hari,35527
6856,Anita,46477
6857,Binod,51703
6858,Binod,116814
6859,Hari,53903
6860,Rohit,74675
6861,Gita,96706
6862,Ram,31174
6863,Kiran,112596
6864,Sita,105350
6865,Hari,95857
6866,Rohit,69557
6867,Anita,77014
6868,Sita,53917
6869,Ram,45070
6870,Sita,74390
6871,Binod,40707
6872,Anita,31884
6873,Hari,47687
6874,Ram,103948
6875,Kiran,98140
6876,Kiran,97958
6877,Hari,118530
6878,Sita,107332
6879,Hari,54376
6880,Sita,89108
6881,Anita,74874
6882,Binod,96240
6883,Rohit,31175
6884,Kiran,86301
6885,Rohit,56531
6886,Binod,104263
6887,Rohit,47576
6888,Sita,79891
6889,Rohit,36399
6890,Hari,98544
6891,Rohit,48920
6892,Hari,78831
6893,Gita,57866
6894,Kiran,38382
6895,Binod,41001
6896,Hari,77607
6897,Sita,31965
6898,Gita,45104
6899,Binod,97466
6900,Anita,111038
6901,Ram,64164
6902,Hari,51611
6903,Hari,65515
6904,Hari,71271
6905,Gita,75227
6906,Rohit,93964
6907,Gita,56186
6908,Hari,47678
6909,Rohit,113432
6910,Hari,99681
6911,Binod,113373
6912,Kiran,115052
6913,Kiran,83272
6914,Rohit,81523
6915,Anita,105923
6916,Ram,40390
6917,Binod,98466
6918,Gita,45207
6919,Binod,75966
6920,Gita,60416
6921,Sita,89562
6922,Ram,97815
6923,Rohit,115154
6924,Sita,110734
6925,Binod,40136
6926,Ram,89727
6927,Rohit,53633
6928,Anita,97075
6929,Sita,92327
6930,Anita,41179
6931,Ram,96263
6932,Binod,95384
6933,Ram,105768
6934,Anita,116103
6935,Sita,112138
6936,Sita,105704
6937,Kiran,86765
6938,Rohit,119329
6939,Hari,54309
6940,Sita,32009
6941,Gita,58603
6942,Gita,32042
6943,Binod,88300
6944,Binod,72184
6945,Sita,112432
6946,Binod,114240
6947,Ram,93899
6948,Kiran,78635
6949,Anita,109500
6950,Rohit,51711
6951,Hari,99839
6952,Kiran,110638
6953,Gita,72012
6954,Rohit,36338
6955,Anita,112040
6956,Kiran,78031
6957,Hari,88910
6958,Sita,62654
6959,Binod,89361
6960,Rohit,102771
6961,Anita,80615
6962,Anita,39855
6963,Gita,62450
6964,Kiran,98501
6965,Hari,72822
6966,Rohit,103822
6967,Rohit,112891
6968,Anita,101157
6969,Anita,98739
6970,Ram,87642
6971,Kiran,50082
6972,Kiran,83762
6973,Ram,79648
6974,Rohit,100211
6975,Ram,34159
6976,Sita,56189
6977,Anita,46950
6978,Hari,98788
6979,Hari,87663
6980,Hari,62077
6981,Anita,92005
6982,Kiran,33902
6983,Binod,51801
6984,Binod,47267
6985,Gita,59850
6986,Ram,62480
6987,Binod,85939
6988,Ram,47531
6989,Gita,38797
6990,Anita,38979
6991,Rohit,73636
6992,Anita,73658
6993,Ram,37635
6994,Anita,53228
6995,Anita,36333
6996,Gita,69668
6997,Binod,30946
6998,Rohit,47558
6999,Gita,38315
7000,Rohit,78694
7001,Binod,42070
7002,Hari,79617
7003,Gita,111716
7004,Anita,75346
7005,Anita,57774
7006,Ram,34449
7007,Hari,83357
7008,Hari,88412
7009,Anita,52431
7010,Ram,37035
7011,Sita,83029
7012,Binod,89994
7013,Binod,30855
7014,Ram,50894
7015,Hari,103452
7016,Rohit,79292
7017,Sita,98699
7018,Hari,41008
7019,Ram,110673
7020,Gita,117719
7021,Gita,84076
7022,Sita,64824
7023,Hari,113322
7024,Binod,111541
7025,Gita,55421
7026,Rohit,67579
7027,Sita,55776
7028,Hari,70151
7029,Rohit,77112
7030,Kiran,32389
7031,Gita,82692
7032,Sita,91912
7033,Binod,58841
7034,Binod,110017
7035,Sita,73486
7036,Hari,85885
7037,Ram,110026
7038,Ram,97330
7039,Sita,76217
7040,Gita,77517
7041,Binod,110797
7042,Binod,91210
7043,Hari,91827
7044,Ram,105940
7045,Gita,64226
7046,Gita,53532
7047,Hari,111545
7048,Kiran,93505
7049,Anita,40106
7050,Kiran,60131
7051,Gita,59111
7052,Binod,104085
7053,Binod,54691
7054,Anita,51521
7055,Kiran,85790
7056,Binod,39805
7057,Rohit,47612
7058,Kiran,95329
7059,Anita,50580
7060,Anita,55471
7061,Gita,77185
7062,Ram,59755
7063,Ram,118486
7064,Gita,109956
7065,Binod,44895
7066,Rohit,67682
7067,Gita,55026
7068,Kiran,86702
7069,Hari,63010
7070,Binod,59974
7071,Binod,74139
7072,Rohit,89442
7073,Binod,41572
7074,Ram,114796
7075,Ram,78540
7076,Hari,34324
7077,Anita,33429
7078,Sita,60672
7079,Gita,90420
7080,Rohit,112410
7081,Anita,59319
7082,Gita,90971
7083,Kiran,31117
7084,Gita,41696
7085,Hari,114530
7086,Rohit,68550
7087,Ram,83119
7088,Hari,35105
7089,Rohit,108905
7090,Gita,80586
7091,Binod,68301
7092,Gita,42670
7093,Gita,45459
7094,Gita,57254
7095,Hari,106270
7096,Sita,101320
7097,Anita,33944
7098,Rohit,99368
7099,Sita,53405
7100,Gita,39040
7101,Gita,78120
7102,Kiran,115807
7103,Sita,83317
7104,Gita,56905
7105,Hari,103810
7106,Anita,111244
7107,Hari,43791
7108,Gita,47883
7109,Gita,76463
7110,Binod,114632
7111,Kiran,98717
7112,Binod,41166
7113,Anita,48682
7114,Gita,60163
7115,Sita,69363
7116,Ram,104086
7117,Binod,88061
7118,Kiran,57165
7119,Rohit,47401
7120,Sita,88804
7121,Ram,108124
7122,Hari,65612
7123,Anita,92205
7124,Binod,109149
7125,Gita,53515
7126,Sita,98380
7127,Sita,54488
7128,Sita,104225
7129,Rohit,75201
7130,Hari,92162
7131,Binod,110285
7132,Hari,80002
7133,Anita,99168
7134,Binod,80715
7135,Rohit,73242
7136,Gita,97898
7137,Kiran,71552
7138,Kiran,76317
7139,Rohit,63963
7140,Hari,62308
7141,Rohit,46554
7142,Anita,77593
7143,Hari,103976
7144,Sita,43245
7145,Rohit,80369
7146,Hari,96987
7147,Anita,101630
7148,Binod,47639
7149,Kiran,106599
7150,Anita,99191
7151,Gita,40875
7152,Gita,116036
7153,Kiran,35920
7154,Sita,55471
7155,Hari,101362
7156,Gita,57982
7157,Rohit,89131
7158,Sita,119046
7159,Gita,46252
7160,Anita,45960
7161,Hari,119083
7162,Anita,31679
7163,Ram,104720
7164,Binod,112804
7165,Ram,38263
7166,Kiran,91990
7167,Rohit,46223
7168,Binod,74754
7169,Hari,92986
7170,Rohit,115568
7171,Gita,44192
7172,Sita,71426
7173,Ram,104630
7174,Rohit,99012
7175,Binod,57703
7176,Hari,66996
7177,Gita,60572
7178,Gita,80176
7179,Binod,86742
7180,Rohit,37057
7181,Kiran,62374
7182,Rohit,52007
7183,Hari,113392
7184,Kiran,88089
7185,Gita,35098
7186,Hari,115170
7187,Ram,32168
7188,Hari,77054
7189,Anita,55504
7190,Rohit,55261
7191,Anita,45665
7192,Anita,41957
7193,Gita,41982
7194,Ram,76514
7195,Anita,74025
7196,Sita,95661
7197,Sita,63499
7198,Hari,32428
7199,Anita,62394
7200,Kiran,70668
7201,Gita,92062
7202,Kiran,113743
7203,Rohit,96729
7204,Ram,99983
7205,Hari,64528
7206,Kiran,110792
7207,Kiran,70900
7208,Gita,66426
7209,Kiran,94773
7210,Anita,31159
7211,Ram,75192
7212,Binod,87149
7213,Rohit,50473
7214,Sita,93546
7215,Anita,42308
7216,Rohit,119959
7217,Hari,70911
7218,Hari,81490
7219,Rohit,81234
7220,Gita,55292
7221,Kiran,90511
7222,Ram,94933
7223,Ram,71208
7224,Rohit,58913
7225,Gita,40422
7226,Binod,78735
7227,Rohit,103619
7228,Anita,67000
7229,Binod,97367
7230,Binod,77567
7231,Ram,90937
7232,Binod,94124
7233,Kiran,68182
7234,Anita,103476
7235,Hari,119312
7236,Gita,111240
7237,Ram,36106
7238,Kiran,108184
7239,Anita,73092
7240,Gita,38390
7241,Sita,47024
7242,Sita,94857
7243,Anita,112319
7244,Anita,37815
7245,Sita,73269
7246,Binod,106103
7247,Anita,98979
7248,Ram,92611
7249,Ram,86775
7250,Gita,109074
7251,Kiran,118289
7252,Hari,32206
7253,Rohit,107920
7254,Binod,83950
7255,Gita,109912
7256,Gita,80699
7257,Rohit,78868
7258,Ram,117266
7259,Sita,33541
7260,Sita,62713
7261,Hari,116495
7262,Rohit,45576
7263,Ram,68306
7264,Ram,82091
7265,Hari,99099
7266,Ram,45914
7267,Sita,98195
7268,Sita,106165
7269,Rohit,100425
7270,Kiran,68717
7271,Gita,30844
7272,Binod,30140
7273,Sita,104728
7274,Sita,116459
7275,Anita,69625
7276,Hari,108073
7277,Hari,69777
7278,Gita,111940
7279,Hari,110429
7280,Sita,84004
7281,Binod,104455
7282,Sita,42513
7283,Binod,108942
7284,Kiran,74752
7285,Ram,39162
7286,Rohit,60734
7287,Sita,98641
7288,Hari,78631
7289,Sita,30014
7290,Ram,108837
7291,Gita,103926
7292,Hari,101317
7293,Rohit,74676
7294,Gita,102070
7295,Rohit,56231
7296,Rohit,55116
7297,Rohit,119785
7298,Gita,89683
7299,Rohit,55926
7300,Rohit,84814
7301,Gita,47326
7302,Kiran,97293
7303,Sita,89430
7304,Hari,88897
7305,Kiran,44044
7306,Gita,55682
7307,Gita,50151
7308,Gita,32223
7309,Binod,68659
7310,Anita,110640
7311,Kiran,37328
7312,Rohit,87281
7313,Binod,94107
7314,Hari,63526
7315,Ram,45367
7316,Sita,95619
7317,Hari,93381
7318,Binod,46907
7319,Binod,86383
7320,Rohit,82360
7321,Rohit,118625
7322,Gita,69255
7323,Binod,58753
7324,Rohit,102833
7325,Ram,60657
7326,Binod,45570
7327,Gita,115251
7328,Sita,35592
7329,Kiran,114275
7330,Binod,90452
7331,Sita,64552
7332,Kiran,113414
7333,Anita,76491
7334,Kiran,108817
7335,Rohit,33593
7336,Gita,38706
7337,Sita,79404
7338,Hari,116231
7339,Gita,36469
7340,Sita,87932
7341,Gita,89108
7342,Rohit,103648
7343,Anita,63125
7344,Kiran,67201
7345,Hari,42901
7346,Anita,92366
7347,Sita,81602
7348,Gita,34119
7349,Gita,53387
7350,Ram,102520
7351,Sita,97043
7352,Kiran,91730
7353,Binod,67111
7354,Anita,68793
7355,Rohit,56775
7356,Anita,47699
7357,Binod,60165
7358,Binod,53524
7359,Sita,60724
7360,Kiran,47943
7361,Sita,67737
7362,Rohit,37200
7363,Anita,70781
7364,Sita,105188
7365,Kiran,85069
7366,Binod,109452
7367,Kiran,95157
7368,Hari,74979
7369,Sita,115139
7370,Kiran,113042
7371,Sita,101607
7372,Rohit,63675
7373,Ram,98587
7374,Ram,75872
7375,Binod,100564
7376,Rohit,105385
7377,Anita,63981
7378,Rohit,119794
7379,Rohit,90830
7380,Sita,69871
7381,Binod,40904
7382,Kiran,115358
7383,Ram,97239
7384,Sita,101698
7385,Ram,92443
7386,Gita,34317
7387,Ram,57602
7388,Anita,108018
7389,Binod,49838
7390,Binod,71938
7391,Binod,40843
7392,Gita,35582
7393,Binod,89420
7394,Ram,55464
7395,Anita,73222
7396,Rohit,92681
7397,Sita,81826
7398,Gita,38496
7399,Binod,41814
7400,Binod,51862
7401,Hari,47375
7402,Rohit,98352
7403,Ram,64507
7404,Sita,102703
7405,Anita,50332
7406,Binod,78896
7407,Sita,110982
7408,Gita,53264
7409,Sita,81874
7410,Rohit,114813
7411,Gita,65205
7412,Anita,41954
7413,Hari,45547
7414,Anita,52939
7415,Kiran,38668
7416,Ram,49268
7417,Gita,78561
7418,Kiran,58291
7419,Kiran,54399
7420,Hari,87133
7421,Ram,64556
7422,Gita,106141
7423,Kiran,39426
7424,Rohit,110492
7425,Sita,36320
7426,Binod,82824
7427,Sita,36926
7428,Kiran,65554
7429,Kiran,33096
7430,Ram,100188
7431,Ram,78626
7432,Kiran,82754
7433,Anita,83666
7434,Rohit,82641
7435,Gita,78703
7436,Anita,30955
7437,Binod,73318
7438,Anita,40067
7439,Ram,33839
7440,Sita,97046
7441,Binod,36517
7442,Anita,102358
7443,Rohit,73492
7444,Ram,62693
7445,Hari,46142
7446,Gita,41194
7447,Hari,59989
7448,Hari,90982
7449,Kiran,112127
7450,Rohit,94194
7451,Ram,43764
7452,Sita,66365
7453,Gita,99852
7454,Rohit,97945
7455,Sita,46950
7456,Sita,46985
7457,Kiran,51030
7458,Binod,44916
7459,Ram,34824
7460,Binod,81407
7461,Kiran,99053
7462,Rohit,89070
7463,Kiran,103750
7464,Gita,105916
7465,Hari,88569
7466,Ram,78497
7467,Kiran,97594
7468,Anita,85865
7469,Anita,55576
7470,Rohit,51344
7471,Rohit,89180
7472,Sita,91279
7473,Binod,71848
7474,Rohit,113877
7475,Gita,34845
7476,Gita,67943
7477,Rohit,69232
7478,Rohit,104984
7479,Rohit,55643
7480,Hari,65884
7481,Ram,90797
7482,Rohit,68682
7483,Kiran,81053
7484,Sita,107338
7485,Rohit,110950
7486,Anita,36933
7487,Binod,31266
7488,Rohit,83375
7489,Hari,91102
7490,Gita,113777
7491,Rohit,75443
7492,Kiran,71814
7493,Kiran,111021
7494,Anita,74612
7495,Anita,76336
7496,Anita,114422
7497,Anita,106783
7498,Gita,75290
7499,Rohit,92179
7500,Anita,69132
7501,Hari,68214
7502,Rohit,31068
7503,Kiran,78456
7504,Rohit,70413
7505,Rohit,72486
7506,Sita,36783
7507,Sita,44080
7508,Hari,31003
7509,Sita,78629
7510,Sita,60473
7511,Gita,105174
7512,Binod,88605
7513,Binod,80038
7514,Gita,61591
7515,Anita,61516
7516,Ram,111456
7517,Sita,68830
7518,Hari,56494
7519,Hari,85170
7520,Ram,110284
7521,Binod,84390
7522,Kiran,60464
7523,Ram,77201
7524,Gita,80031
7525,Rohit,106484
7526,Rohit,107560
7527,Sita,75759
7528,Anita,80145
7529,Sita,85763
7530,Anita,36396
7531,Binod,94808
7532,Rohit,102494
7533,Hari,32899
7534,Hari,107311
7535,Sita,67282
7536,Sita,83772
7537,Anita,85161
7538,Rohit,113986
7539,Rohit,77393
7540,Anita,89045
7541,Hari,46302
7542,Kiran,88788
7543,Rohit,113873
7544,Hari,85200
7545,Gita,118767
7546,Rohit,31637
7547,Kiran,58141
7548,Sita,67695
7549,Ram,101004
7550,Gita,107706
7551,Anita,40357
7552,Hari,118436
7553,Rohit,46417
7554,Sita,36006
7555,Binod,40428
7556,Gita,54075
7557,Ram,46906
7558,Sita,115883
7559,Gita,91558
7560,Ram,116706
7561,Rohit,71031
7562,Anita,88909
7563,Rohit,60666
7564,Gita,101342
7565,Hari,106992
7566,Ram,64769
7567,Hari,101203
7568,Binod,89894
7569,Gita,68764
7570,Sita,101398
7571,Binod,52322
7572,Anita,84932
7573,Sita,118666
7574,Gita,78011
7575,Hari,78961
7576,Rohit,41914
7577,Ram,49724
7578,Binod,57593
7579,Gita,33079
7580,Kiran,52437
7581,Hari,30252
7582,Hari,60546
7583,Hari,115667
7584,Hari,119503
7585,Kiran,77047
7586,Binod,85099
7587,Sita,61910
7588,Sita,109095
7589,Gita,85368
7590,Binod,36564
7591,Kiran,46282
7592,Hari,51296
7593,Hari,40079
7594,Kiran,41007
7595,Sita,38571
7596,Kiran,66477
7597,Rohit,110349
7598,Ram,77786
7599,Binod,37327
7600,Hari,61300
7601,Ram,112650
7602,Gita,79190
7603,Gita,51590
7604,Rohit,50709
7605,Ram,42313
7606,Binod,49712
7607,Binod,41222
7608,Kiran,109206
7609,Kiran,53046
7610,Sita,46692
7611,Sita,90422
7612,Ram,86298
7613,Gita,43893
7614,Binod,63339
7615,Rohit,51711
7616,Rohit,79473
7617,Kiran,79522
7618,Rohit,38618
7619,Hari,93526
7620,Binod,48823
7621,Sita,54661
7622,Gita,36316
7623,Kiran,94729
7624,Sita,115515
7625,Anita,70036
7626,Anita,43191
7627,Ram,87215
7628,Gita,61686
7629,Gita,64802
7630,Hari,36210
7631,Kiran,56578
7632,Kiran,34846
7633,Binod,58541
7634,Ram,90922
7635,Gita,91571
7636,Hari,98087
7637,Kiran,107721
7638,Kiran,104800
7639,Hari,69768
7640,Kiran,119981
7641,Anita,54420
7642,Binod,92122
7643,Rohit,35017
7644,Hari,32722
7645,Hari,49092
7646,Binod,31812
7647,Sita,95454
7648,Hari,115224
7649,Rohit,94237
7650,Gita,43682
7651,Hari,52755
7652,Sita,68679
7653,Gita,59771
7654,Anita,57194
7655,Anita,77394
7656,Sita,119989
7657,Hari,60761
7658,Anita,69599
7659,Binod,83755
7660,Gita,71556
7661,Sita,48870
7662,Ram,90042
7663,Rohit,56283
7664,Ram,78366
7665,Kiran,84649
7666,Sita,83825
7667,Ram,80283
7668,Gita,60606
7669,Kiran,81309
7670,Gita,108081
7671,Hari,79025
7672,Gita,73828
7673,Ram,101128
7674,Binod,114150
7675,Sita,83699
7676,Rohit,38558
7677,Rohit,42786
7678,Anita,113535
7679,Gita,61785
7680,Kiran,31760
7681,Sita,34593
7682,Gita,44377
7683,Anita,103161
7684,Binod,112241
7685,Sita,69600
7686,Kiran,36134
7687,Ram,44140
7688,Rohit,56528
7689,Binod,50965
7690,Binod,118790
7691,Rohit,60930
7692,Sita,35885
7693,Hari,111166
7694,Gita,115784
7695,Rohit,105454
7696,Kiran,69654
7697,Kiran,115664
7698,Ram,35843
7699,Kiran,103271
7700,Gita,97394
7701,Binod,111723
7702,Hari,87111
7703,Kiran,62189
7704,Rohit,48863
7705,Hari,77093
7706,Gita,53782
7707,Anita,45277
7708,Gita,44683
7709,Hari,113884
7710,Ram,111612
7711,Binod,40562
7712,Sita,94825
7713,Ram,31562
7714,Anita,32240
7715,Sita,119049
7716,Anita,32764
7717,Sita,89093
7718,Rohit,100311
7719,Gita,47291
7720,Rohit,113113
7721,Rohit,119832
7722,Kiran,45178
7723,Hari,80452
7724,Binod,117227
7725,Kiran,37466
7726,Binod,105802
7727,Binod,33000
7728,Anita,79764
7729,Binod,101925
7730,Kiran,71283
7731,Kiran,56516
7732,Gita,31113
7733,Rohit,46421
7734,Binod,112389
7735,Gita,93583
7736,Anita,81686
7737,Sita,54611
7738,Ram,106571
7739,Anita,42736
7740,Anita,115391
7741,Anita,97977
7742,Gita,53081
7743,Ram,42435
7744,Hari,55589
7745,Rohit,63440
7746,Rohit,118461
7747,Rohit,88932
7748,Ram,49653
7749,Hari,52057
7750,Anita,110201
7751,Binod,106397
7752,Sita,44145
7753,Anita,82794
7754,Hari,82791
7755,Gita,96358
7756,Anita,36656
7757,Gita,40730
7758,Kiran,71338
7759,Kiran,85984
7760,Anita,38067
7761,Ram,82782
7762,Kiran,97642
7763,Sita,54616
7764,Rohit,46172
7765,Anita,72890
7766,Sita,36848
7767,Anita,75548
7768,Sita,68094
7769,Rohit,63545
7770,Ram,50554
7771,Ram,63089
7772,Binod,62521
7773,Rohit,96854
7774,Rohit,50899
7775,Binod,71060
7776,Kiran,67322
7777,Ram,44486
7778,Hari,76284
7779,Hari,88859
7780,Sita,79088
7781,Hari,88881
7782,Gita,49859
7783,Gita,88168
7784,Binod,58500
7785,Binod,78988
7786,Anita,76207
7787,Hari,109799
7788,Binod,90152
7789,Rohit,62498
7790,Kiran,119600
7791,Sita,111903
7792,Gita,32064
7793,Hari,81018
7794,Ram,77994
7795,Rohit,116311
7796,Rohit,53834
7797,Sita,75524
7798,Anita,36498
7799,Binod,113749
7800,Sita,54216
7801,Binod,108933
7802,Hari,54367
7803,Binod,91244
7804,Hari,96394
7805,Binod,53055
7806,Anita,72158
7807,Binod,67824
7808,Anita,104477
7809,Rohit,90867
7810,Ram,101233
7811,Ram,80692
7812,Hari,30624
7813,Anita,97815
7814,Kiran,58587
7815,Ram,71995
7816,Sita,92251
7817,Gita,49584
7818,Gita,118753
7819,Binod,70559
7820,Ram,87737
7821,Ram,95741
7822,Sita,72894
7823,Gita,48750
7824,Ram,57107
7825,Binod,61802
7826,Gita,49603
7827,Binod,94447
7828,Kiran,49585
7829,Gita,103106
7830,Sita,64017
7831,Sita,64040
7832,Rohit,93885
7833,Anita,63465
7834,Kiran,35013
7835,Hari,104112
7836,Anita,35399
7837,Anita,93997
7838,Kiran,71488
7839,Binod,72207
7840,Anita,84832
7841,Ram,77395
7842,Sita,45246
7843,Hari,40017
7844,Ram,116164
7845,Ram,94200
7846,Binod,102282
7847,Kiran,42646
7848,Anita,93350
7849,Gita,85071
7850,Ram,114264
7851,Anita,97175
7852,Gita,65419
7853,Anita,80434
7854,Ram,47348
7855,Ram,58529
7856,Sita,50196
7857,Ram,33916
7858,Binod,37792
7859,Kiran,69660
7860,Anita,30924
7861,Gita,111552
7862,Anita,42864
7863,Hari,43263
7864,Ram,106188
7865,Binod,83578
7866,Kiran,34381
7867,Rohit,64767
7868,Kiran,118498
7869,Sita,87045
7870,Gita,98966
7871,Hari,32061
7872,Kiran,96686
7873,Anita,112966
7874,Binod,32711
7875,Binod,31383
7876,Sita,101597
7877,Sita,113089
7878,Kiran,82790
7879,Gita,55997
7880,Sita,40055
7881,Ram,63874
7882,Hari,55268
7883,Rohit,93351
7884,Kiran,32197
7885,Sita,30361
7886,Ram,57731
7887,Gita,111721
7888,Kiran,116271
7889,Rohit,43728
7890,Gita,79174
7891,Gita,97868
7892,Rohit,118797
7893,Ram,47332
7894,Rohit,40507
7895,Hari,111194
7896,Ram,51410
7897,Sita,32771
7898,Ram,89095
7899,Kiran,109937
7900,Kiran,117034
7901,Gita,57320
7902,Kiran,108320
7903,Rohit,111522
7904,Hari,32589
7905,Anita,60339
7906,Binod,95347
7907,Kiran,84656
7908,Ram,104489
7909,Hari,71674
7910,Anita,39765
7911,Ram,47426
7912,Sita,97276
7913,Gita,117233
7914,Kiran,50135
7915,Anita,119943
7916,Binod,97640
7917,Hari,81322
7918,Anita,75942
7919,Ram,60060
7920,Kiran,105925
7921,Anita,52167
7922,Rohit,73907
7923,Anita,92507
7924,Gita,34627
7925,Anita,100345
7926,Hari,31192
7927,Gita,98697
7928,Hari,85677
7929,Hari,94436
7930,Ram,39876
7931,Anita,38264
7932,Ram,86741
7933,Gita,119089
7934,Anita,49815
7935,Gita,110315
7936,Binod,68188
7937,Sita,118031
7938,Gita,94237
7939,Hari,50301
7940,Ram,92013
7941,Ram,67090
7942,Hari,86373
7943,Kiran,58317
7944,Rohit,83372
7945,Gita,68346
7946,Rohit,108508
7947,Rohit,52217
7948,Hari,45411
7949,Anita,99568
7950,Gita,71793
7951,Sita,82837
7952,Binod,87228
7953,Kiran,107763
7954,Hari,48486
7955,Sita,40225
7956,Sita,62102
7957,Rohit,85867
7958,Gita,51300
7959,Anita,115639
7960,Gita,94951
7961,Binod,43155
7962,Hari,87335
7963,Anita,105102
7964,Binod,49739
7965,Kiran,75438
7966,Ram,81685
7967,Kiran,70989
7968,Anita,107891
7969,Hari,50097
7970,Binod,58659
7971,Hari,87186
7972,Rohit,42810
7973,Sita,105839
7974,Rohit,81602
7975,Kiran,98128
7976,Kiran,84847
7977,Hari,65390
7978,Gita,47960
7979,Kiran,90433
7980,Gita,97428
7981,Anita,100185
7982,Sita,115893
7983,Binod,37996
7984,Anita,111881
7985,Rohit,40981
7986,Anita,96821
7987,Hari,98216
7988,Sita,112359
7989,Kiran,32506
7990,Rohit,77028
7991,Hari,44550
7992,Anita,101182
7993,Ram,89172
7994,Ram,37683
7995,Ram,74042
7996,Sita,59669
7997,Binod,59241
7998,Gita,61043
7999,Anita,76859
8000,Hari,36194
8001,Rohit,32653
8002,Kiran,59102
8003,Ram,41767
8004,Binod,118604
8005,Sita,84422
8006,Kiran,101564
8007,Hari,101409
8008,Gita,59744
8009,Ram,41719
8010,Anita,60672
8011,Ram,58143
8012,Rohit,38282
8013,Hari,37731
8014,Gita,58257
8015,Anita,98929
8016,Rohit,36607
8017,Sita,62163
8018,Rohit,37174
8019,Hari,109003
8020,Gita,92116
8021,Kiran,107544
8022,Sita,95470
8023,Rohit,112575
8024,Ram,57655
8025,Anita,45142
8026,Rohit,74453
8027,Sita,60051
8028,Sita,82918
8029,Binod,70798
8030,Gita,106175
8031,Kiran,106758
8032,Ram,35219
8033,Kiran,31870
8034,Binod,80556
8035,Kiran,83637
8036,Rohit,40335
8037,Sita,84800
8038,Binod,112374
8039,Gita,38297
8040,Kiran,48380
8041,Ram,71259
8042,Ram,114782
8043,Kiran,110898
8044,Anita,62360
8045,Ram,74321
8046,Anita,61564
8047,Anita,34172
8048,Gita,74798
8049,Gita,67476
8050,Ram,79735
8051,Hari,59993
8052,Anita,105611
8053,Gita,117853
8054,Ram,73664
8055,Ram,97522
8056,Hari,81945
8057,Kiran,74115
8058,Ram,103708
8059,Anita,111495
8060,Binod,55654
8061,Rohit,96342
8062,Gita,90085
8063,Sita,50548
8064,Rohit,91422
8065,Rohit,113627
8066,Binod,75955
8067,Sita,35469
8068,Hari,42804
8069,Sita,51457
8070,Anita,47936
8071,Binod,89077
8072,Kiran,119671
8073,Kiran,69249
8074,Rohit,114399
8075,Sita,81611
8076,Sita,96523
8077,Ram,103556
8078,Binod,44989
8079,Ram,56413
8080,Anita,96081
8081,Anita,89601
8082,Hari,45839
8083,Hari,97356
8084,Anita,93655
8085,Ram,77934
8086,Rohit,35434
8087,Hari,50124
8088,Ram,82951
8089,Hari,71199
8090,Sita,51199
8091,Sita,48628
8092,Binod,100681
8093,Gita,85629
8094,Gita,51801
8095,Anita,44082
8096,Binod,112868
8097,Gita,112699
8098,Ram,44992
8099,Anita,86456
8100,Sita,44857
8101,Hari,99897
8102,Sita,100559
8103,Sita,75917
8104,Gita,56272
8105,Anita,93378
8106,Ram,102913
8107,Gita,42747
8108,Kiran,100830
8109,Ram,103704
8110,Sita,50336
8111,Rohit,101400
8112,Hari,75336
8113,Gita,51094
8114,Anita,44404
8115,Rohit,72332
8116,Sita,35371
8117,Ram,68475
8118,Rohit,99954
8119,Binod,44839
8120,Anita,43696
8121,Kiran,88579
8122,Binod,61299
8123,Gita,71400
8124,Sita,118350
8125,Sita,66723
8126,Hari,74141
8127,Anita,36407
8128,Gita,51631
8129,Hari,43861
8130,Anita,76099
8131,Gita,36722
8132,Kiran,112750
8133,Gita,106402
8134,Sita,51239
8135,Ram,100498
8136,Anita,67149
8137,Binod,78755
8138,Rohit,111519
8139,Hari,71860
8140,Ram,70909
8141,Rohit,76151
8142,Hari,45011
8143,Rohit,64642
8144,Gita,95274
8145,Binod,50183
8146,Ram,59197
8147,Rohit,32394
8148,Binod,92299
8149,Binod,63546
8150,Rohit,84446
8151,Rohit,47279
8152,Hari,37708
8153,Anita,51421
8154,Hari,66431
8155,Anita,113839
8156,Gita,69386
8157,Sita,117853
8158,Gita,82864
8159,Sita,32771
8160,Anita,83018
8161,Binod,100528
8162,Ram,44362
8163,Rohit,40262
8164,Sita,66248
8165,Binod,85331
8166,Hari,50646
8167,Binod,102907
8168,Hari,102063
8169,Binod,71938
8170,Gita,113162
8171,Anita,52919
8172,Ram,38198
8173,Sita,39680
8174,Ram,99398
8175,Kiran,78714
8176,Binod,63567
8177,Sita,114219
8178,Ram,45800
8179,Anita,36498
8180,Ram,45963
8181,Hari,91440
8182,Sita,69221
8183,Ram,93765
8184,Sita,51574
8185,Rohit,107738
8186,Gita,109446
8187,Kiran,44140
8188,Anita,30909
8189,Ram,41217
8190,Binod,104893
8191,Ram,56117
8192,Anita,56371
8193,Kiran,106768
8194,Kiran,59540
8195,Ram,53005
8196,Kiran,65345
8197,Rohit,97846
8198,Binod,106842
8199,Ram,103807
8200,Hari,37483
8201,Binod,35996
8202,Kiran,52996
8203,Anita,95164
8204,Rohit,57738
8205,Anita,103952
8206,Ram,77357
8207,Rohit,70033
8208,Gita,67109
8209,Rohit,84415
8210,Rohit,103141
8211,Anita,57382
8212,Gita,76931
8213,Ram,71072
8214,Anita,99097
8215,Sita,109674
8216,Gita,61551
8217,Hari,67362
8218,Sita,75656
8219,Anita,49962
8220,Anita,90345
8221,Hari,72600
8222,Ram,47820
8223,Rohit,49264
8224,Anita,78855
8225,Binod,93558
8226,Binod,98601
8227,Rohit,32313
8228,Anita,73672
8229,Hari,44313
8230,Ram,112790
8231,Sita,72357
8232,Hari,109115
8233,Gita,43132
8234,Binod,62962
8235,Kiran,37160
8236,Kiran,93462
8237,Gita,88000
8238,Hari,83260
8239,Kiran,113820
8240,Hari,34966
8241,Binod,98994
8242,Anita,33462
8243,Anita,50501
8244,Hari,42101
8245,Anita,31452
8246,Anita,59865
8247,Kiran,69523
8248,Kiran,81847
8249,Hari,107509
8250,Binod,81328
8251,Anita,36500
8252,Ram,96983
8253,Anita,61044
8254,Anita,60970
8255,Ram,36316
8256,Rohit,37057
8257,Gita,58213
8258,Rohit,58747
8259,Hari,69529
8260,Rohit,86441
8261,Hari,39287
8262,Hari,108323
8263,Sita,81270
8264,Binod,32148
8265,Hari,88083
8266,Gita,74631
8267,Hari,35512
8268,Binod,111657
8269,Rohit,109382
8270,Sita,88342
8271,Ram,90789
8272,Gita,88679
8273,Binod,73246
8274,Anita,55773
8275,Binod,51281
8276,Kiran,91945
8277,Kiran,73434
8278,Gita,70674
8279,Rohit,62592
8280,Binod,32336
8281,Gita,94955
8282,Rohit,43045
8283,Binod,112398
8284,Binod,70633
8285,Anita,69894
8286,Sita,87555
8287,Anita,101133
8288,Hari,102980
8289,Binod,72947
8290,Ram,65551
8291,Rohit,96225
8292,Kiran,55542
8293,Hari,83648
8294,Rohit,57451
8295,Anita,40860
8296,Hari,36434
8297,Kiran,116144
8298,Sita,42379
8299,Ram,31452
8300,Sita,99829
8301,Sita,53320
8302,Ram,109684
8303,Gita,117368
8304,Rohit,78872
8305,Binod,35085
8306,Ram,112453
8307,Gita,64659
8308,Kiran,119796
8309,Kiran,85422
8310,Binod,71999
8311,Ram,81847
8312,Ram,103586
8313,Rohit,37445
8314,Hari,101232
8315,Rohit,47654
8316,Gita,77617
8317,Kiran,33482
8318,Binod,33321
8319,Ram,41980
8320,Rohit,70170
8321,Kiran,82628
8322,Gita,110333
8323,Ram,60281
8324,Hari,66167
8325,Sita,34991
8326,Ram,93550
8327,Ram,111250
8328,Hari,49111
8329,Hari,45596
8330,Rohit,102351
8331,Anita,70893
8332,Binod,111580
8333,Sita,119991
8334,Binod,82330
8335,Rohit,116156
8336,Hari,65577
8337,Kiran,115349
8338,Anita,63479
8339,Binod,103727
8340,Rohit,80331
8341,Anita,32269
8342,Kiran,44190
8343,Kiran,83970
8344,Ram,57129
8345,Anita,49494
8346,Sita,56012
8347,Rohit,112179
8348,Hari,69232
8349,Ram,41099
8350,Hari,41131
8351,Hari,99117
8352,Rohit,40487
8353,Binod,105308
8354,Kiran,33079
8355,Binod,50736
8356,Sita,69869
8357,Hari,76155
8358,Anita,118733
8359,Hari,88130
8360,Hari,114547
8361,Sita,118791
8362,Rohit,71834
8363,Hari,95958
8364,Kiran,60872
8365,Hari,83017
8366,Binod,72900
8367,Kiran,39816
8368,Kiran,102863
8369,Gita,99749
8370,Gita,71969
8371,Sita,107860
8372,Rohit,116858
8373,Rohit,88996
8374,Sita,32764
8375,Ram,57747
8376,Kiran,52556
8377,Hari,118525
8378,Gita,66946
8379,Kiran,101367
8380,Ram,44511
8381,Sita,102701
8382,Rohit,79453
8383,Binod,50157
8384,Hari,44913
8385,Gita,32328
8386,Sita,80797
8387,Anita,106570
8388,Hari,119115
8389,Binod,100567
8390,Sita,109678
8391,Ram,59799
8392,Kiran,87204
8393,Hari,38817
8394,Kiran,116942
8395,Ram,60673
8396,Sita,111194
8397,Sita,33245
8398,Sita,61518
8399,Gita,77281
8400,Sita,32106
8401,Gita,110175
8402,Gita,45172
8403,Sita,75292
8404,Binod,119421
8405,Hari,92236
8406,Ram,97865
8407,Ram,99139
8408,Anita,88579
8409,Ram,114882
8410,Hari,90738
8411,Binod,110060
8412,Binod,67951
8413,Ram,51490
8414,Anita,99462
8415,Rohit,76992
8416,Gita,93798
8417,Anita,62489
8418,Rohit,41338
8419,Hari,98269
8420,Hari,84511
8421,Hari,65083
8422,Kiran,115177
8423,Kiran,74381
8424,Binod,78642
8425,Ram,112778
8426,Binod,95821
8427,Kiran,32089
8428,Rohit,92326
8429,Kiran,94311
8430,Sita,85205
8431,Kiran,86302
8432,Sita,61901
8433,Binod,39837
8434,Anita,99372
8435,Kiran,95271
8436,Binod,32142
8437,Gita,31585
8438,Rohit,52206
8439,Sita,75927
8440,Anita,61304
8441,Rohit,89221
8442,Hari,50651
8443,Ram,51003
8444,Ram,76150
8445,Kiran,97336
8446,Gita,32925
8447,Sita,95902
8448,Hari,68078
8449,Kiran,59294
8450,Kiran,85987
8451,Kiran,94383
8452,Anita,68315
8453,Sita,37301
8454,Binod,102534
8455,Anita,68615
8456,Binod,51991
8457,Rohit,65162
8458,Ram,39922
8459,Sita,87289
8460,Ram,30502
8461,Kiran,102798
8462,Kiran,108551
8463,Gita,39144
8464,Sita,37770
8465,Rohit,52051
8466,Rohit,70159
8467,Ram,78831
8468,Gita,60811
8469,Gita,82253
8470,Kiran,104478
8471,Binod,99997
8472,Anita,33517
8473,Kiran,54767
8474,Hari,80888
8475,Hari,68296
8476,Anita,96784
8477,Ram,41157
8478,Gita,111032
8479,Binod,110906
8480,Binod,78102
8481,Sita,38805
8482,Sita,91087
8483,Binod,84210
8484,Anita,93659
8485,Binod,38596
8486,Gita,40855
8487,Anita,38350
8488,Ram,40903
8489,Hari,82660
8490,Binod,42918
8491,Hari,84954
8492,Ram,90197
8493,Rohit,88606
8494,Gita,116395
8495,Rohit,93656
8496,Binod,48662
8497,Rohit,76331
8498,Ram,53559
8499,Anita,42517
8500,Rohit,106606
8501,Hari,53992
8502,Binod,42677
8503,Anita,108887
8504,Rohit,114936
8505,Hari,64651
8506,Rohit,93021
8507,Rohit,50286
8508,Ram,95703
8509,Gita,42071
8510,Rohit,56835
8511,Hari,33126
8512,Binod,107854
8513,Ram,56390
8514,Ram,109314
8515,Anita,105546
8516,Anita,46788
8517,Rohit,68977
8518,Sita,68216
8519,Binod,48952
8520,Anita,83263
8521,Rohit,71091
8522,Gita,117751
8523,Sita,50702
8524,Gita,112464
8525,Anita,85803
8526,Sita,37982
8527,Rohit,78454
8528,Rohit,86714
8529,Hari,119298
8530,Kiran,106203
8531,Gita,101933
8532,Kiran,115197
8533,Ram,117151
8534,Sita,111191
8535,Gita,92333
8536,Gita,74892
8537,Anita,85556
8538,Rohit,71893
8539,Sita,58160
8540,Kiran,81214
8541,Sita,52298
8542,Rohit,86645
8543,Hari,108471
8544,Sita,110395
8545,Ram,81871
8546,Anita,41139
8547,Sita,56030
8548,Sita,79419
8549,Kiran,89813
8550,Hari,86021
8551,Sita,39648
8552,Rohit,116306
8553,Rohit,111641
8554,Binod,32317
8555,Kiran,69886
8556,Binod,36399
8557,Gita,75216
8558,Ram,111054
8559,Rohit,51290
8560,Gita,114921
8561,Ram,45810
8562,Gita,97178
8563,Hari,100837
8564,Kiran,68789
8565,Sita,63574
8566,Ram,96281
8567,Gita,77960
8568,Binod,30076
8569,Rohit,101887
8570,Rohit,37304
8571,Anita,56764
8572,Gita,104724
8573,Rohit,81973
8574,Rohit,56823
8575,Ram,77731
8576,Kiran,79104
8577,Hari,68707
8578,Anita,55045
8579,Rohit,60380
8580,Gita,48350
8581,Sita,107288
8582,Binod,52313
8583,Binod,30667
8584,Ram,67409
8585,Kiran,65792
8586,Ram,82412
8587,Kiran,99925
8588,Gita,46999
8589,Kiran,107064
8590,Anita,96362
8591,Sita,114359
8592,Rohit,51370
8593,Binod,32420
8594,Sita,34690
8595,Rohit,58446
8596,Rohit,75644
8597,Kiran,81508
8598,Rohit,81715
8599,Sita,42560
8600,Gita,107420
8601,Gita,58439
8602,Gita,105229
8603,Hari,83459
8604,Ram,64519
8605,Sita,52091
8606,Ram,60747
8607,Anita,82636
8608,Gita,57529
8609,Ram,117479
8610,Rohit,84424
8611,Anita,63366
8612,Binod,53854
8613,Gita,111700
8614,Sita,53590
8615,Kiran,81341
8616,Anita,36500
8617,Binod,109987
8618,Hari,56343
8619,Gita,53914
8620,Rohit,60800
8621,Ram,45737
8622,Sita,92132
8623,Binod,63439
8624,Ram,100122
8625,Sita,79203
8626,Sita,79394
8627,Ram,51478
8628,Kiran,71305
8629,Sita,98195
8630,Kiran,49394
8631,Binod,85635
8632,Rohit,47012
8633,Binod,46443
8634,Gita,103852
8635,Ram,56558
8636,Hari,34599
8637,Anita,63563
8638,Ram,50258
8639,Binod,61303
8640,Kiran,104523
8641,Binod,88108
8642,Anita,96341
8643,Ram,100919
8644,Rohit,37321
8645,Kiran,100522
8646,Binod,49717
8647,Gita,41185
8648,Rohit,114395
8649,Binod,41038
8650,Binod,108268
8651,Sita,93583
8652,Anita,119721
8653,Anita,37465
8654,Binod,64256
8655,Ram,71973
8656,Rohit,97909
8657,Kiran,35428
8658,Anita,63605
8659,Rohit,76518
8660,Ram,74994
8661,Rohit,86676
8662,Kiran,70397
8663,Kiran,118224
8664,Rohit,106230
8665,Binod,83332
8666,Binod,51863
8667,Anita,112986
8668,Hari,46173
8669,Anita,95804
8670,Gita,37461
8671,Hari,103080
8672,Anita,89262
8673,Rohit,86228
8674,Kiran,73249
8675,Kiran,70348
8676,Kiran,42220
8677,Gita,79851
8678,Rohit,77419
8679,Gita,48352
8680,Hari,83292
8681,Sita,63221
8682,Hari,41036
8683,Anita,30970
8684,Binod,57259
8685,Kiran,101886
8686,Binod,114420
8687,Ram,109255
8688,Gita,50416
8689,Kiran,66035
8690,Rohit,97431
8691,Kiran,108085
8692,Anita,67831
8693,Anita,44310
8694,Sita,67859
8695,Hari,30235
8696,Binod,60815
8697,Ram,86201
8698,Kiran,41369
8699,Rohit,115164
8700,Sita,87717
8701,Anita,42876
8702,Ram,90519
8703,Binod,67123
8704,Binod,58268
8705,Ram,49183
8706,Hari,33943
8707,Gita,62903
8708,Sita,45062
8709,Hari,73050
8710,Kiran,119946
8711,Ram,51847
8712,Gita,111287
8713,Binod,81423
8714,Ram,56663
8715,Binod,51455
8716,Anita,70408
8717,Anita,62747
8718,Hari,73900
8719,Anita,87659
8720,Hari,51518
8721,Hari,45462
8722,Binod,109755
8723,Rohit,99225
8724,Binod,76315
8725,Hari,81606
8726,Hari,108091
8727,Sita,48327
8728,Kiran,47497
8729,Kiran,34966
8730,Sita,117856
8731,Rohit,66889
8732,Binod,73283
8733,Ram,86895
8734,Anita,89820
8735,Hari,64392
8736,Hari,45159
8737,Binod,47864
8738,Gita,36732
8739,Sita,54118
8740,Gita,58687
8741,Hari,47516
8742,Rohit,114473
8743,Gita,116092
8744,Hari,102039
8745,Kiran,79987
8746,Rohit,66009
8747,Binod,77704
8748,Rohit,86482
8749,Ram,41326
8750,Hari,69019
8751,Rohit,97676
8752,Sita,50482
8753,Rohit,82792
8754,Gita,35115
8755,Kiran,79876
8756,Ram,70126
8757,Gita,90745
8758,Rohit,96051
8759,Rohit,80683
8760,Sita,95942
8761,Hari,62821
8762,Gita,100490
8763,Rohit,75299
8764,Ram,44254
8765,Rohit,30336
8766,Sita,85192
8767,Sita,53466
8768,Hari,89125
8769,Ram,101068
8770,Binod,61613
8771,Binod,50220
8772,Gita,33408
8773,Sita,98340
8774,Binod,107015
8775,Rohit,32966
8776,Binod,60783
8777,Binod,49505
8778,Rohit,91392
8779,Binod,51033
8780,Binod,30977
8781,Gita,32183
8782,Rohit,68638
8783,Kiran,90666
8784,Binod,85469
8785,Anita,74038
8786,Ram,108859
8787,Anita,74006
8788,Ram,111508
8789,Anita,35329
8790,Rohit,103201
8791,Rohit,85503
8792,Hari,99372
8793,Gita,94971
8794,Rohit,35835
8795,Gita,72267
8796,Rohit,61761
8797,Ram,67807
8798,Kiran,32154
8799,Hari,68696
8800,Hari,32155
8801,Anita,117558
8802,Anita,55653
8803,Binod,78801
8804,Anita,108259
8805,Sita,112294
8806,Binod,40794
8807,Anita,73989
8808,Hari,99383
8809,Kiran,105440
8810,Gita,63004
8811,Kiran,95884
8812,Rohit,36673
8813,Sita,51551
8814,Rohit,49644
8815,Hari,70153
8816,Kiran,99031
8817,Gita,73717
8818,Anita,105658
8819,Gita,117746
8820,Anita,92821
8821,Binod,30020
8822,Gita,87566
8823,Anita,43816
8824,Rohit,98804
8825,Hari,31043
8826,Binod,97212
8827,Binod,91363
8828,Kiran,109417
8829,Hari,50504
8830,Ram,99381
8831,Binod,65250
8832,Binod,84578
8833,Binod,105811
8834,Ram,78537
8835,Rohit,115522
8836,Rohit,58753
8837,Kiran,99025
8838,Sita,119580
8839,Gita,71993
8840,Anita,100186
8841,Anita,102509
8842,Ram,90728
8843,Ram,62649
8844,Gita,97762
8845,Binod,62412
8846,Hari,112649
8847,Sita,62242
8848,Ram,69954
8849,Hari,112790
8850,Binod,103791
8851,Gita,65637
8852,Hari,47605
8853,Binod,86342
8854,Gita,63118
8855,Ram,108467
8856,Rohit,82582
8857,Anita,105985
8858,Anita,91582
8859,Anita,107487
8860,Ram,103614
8861,Anita,84743
8862,Gita,39306
8863,Kiran,67121
8864,Sita,88315
8865,Hari,88431
8866,Ram,38409
8867,Anita,60131
8868,Binod,92132
8869,Hari,100931
8870,Binod,116719
8871,Binod,50700
8872,Rohit,63932
8873,Anita,69185
8874,Kiran,42667
8875,Gita,105868
8876,Hari,93203
8877,Gita,83577
8878,Hari,116199
8879,Binod,106914
8880,Hari,83172
8881,Anita,73338
8882,Ram,52616
8883,Rohit,73619
8884,Kiran,94741
8885,Rohit,83224
8886,Gita,57842
8887,Gita,100188
8888,Ram,101730
8889,Ram,89170
8890,Sita,76848
8891,Kiran,55270
8892,Sita,98726
8893,Sita,37727
8894,Gita,45925
8895,Binod,44953
8896,Binod,67123
8897,Sita,38739
8898,Sita,43746
8899,Rohit,73995
8900,Ram,68492
8901,Hari,73456
8902,Gita,49312
8903,Ram,113321
8904,Hari,86265
8905,Gita,65547
8906,Hari,109975
8907,Kiran,77759
8908,Kiran,70786
8909,Rohit,50095
8910,Hari,107387
8911,Hari,61957
8912,Anita,75253
8913,Kiran,107421
8914,Anita,92796
8915,Kiran,48690
8916,Gita,110423
8917,Rohit,109745
8918,Binod,30424
8919,Binod,57929
8920,Rohit,30005
8921,Gita,113763
8922,Kiran,107077
8923,Hari,85001
8924,Sita,91547
8925,Kiran,105134
8926,Binod,107350
8927,Ram,77399
8928,Sita,115161
8929,Gita,56147
8930,Sita,40592
8931,Sita,59545
8932,Gita,40824
8933,Binod,99401
8934,Kiran,40810
8935,Anita,38979
8936,Rohit,89004
8937,Binod,89646
8938,Kiran,112729
8939,Kiran,46041
8940,Sita,104522
8941,Anita,64534
8942,Anita,103357
8943,Sita,95439
8944,Ram,61088
8945,Rohit,52838
8946,Anita,102028
8947,Rohit,100178
8948,Anita,51581
8949,Binod,118680
8950,Hari,69973
8951,Hari,104583
8952,Gita,47011
8953,Hari,66163
8954,Ram,50587
8955,Kiran,75845
8956,Gita,49700
8957,Sita,76197
8958,Rohit,107079
8959,Anita,51084
8960,Gita,37547
8961,Rohit,55556
8962,Hari,30008
8963,Kiran,49609
8964,Anita,118882
8965,Kiran,112326
8966,Hari,118723
8967,Ram,47868
8968,Gita,66687
8969,Rohit,97749
8970,Gita,115095
8971,Ram,106324
8972,Binod,40406
8973,Sita,43235
8974,Sita,68872
8975,Kiran,39309
8976,Hari,102910
8977,Hari,50267
8978,Anita,57694
8979,Rohit,95788
8980,Sita,86488
8981,Ram,49462
8982,Anita,72469
8983,Binod,73946
8984,Rohit,80379
8985,Kiran,99673
8986,Hari,84523
8987,Rohit,90741
8988,Kiran,37005
8989,Gita,35505
8990,Sita,109452
8991,Sita,31310
8992,Gita,100121
8993,Rohit,117096
8994,Anita,114547
8995,Ram,82327
8996,Anita,32632
8997,Anita,101607
8998,Anita,93674
8999,Sita,70269
9000,Rohit,70989
9001,Ram,106913
9002,Binod,109369
9003,Hari,47164
9004,Sita,94964
9005,Sita,56337
9006,Sita,37314
9007,Hari,36951
9008,Ram,86752
9009,Kiran,71535
9010,Rohit,90063
9011,Binod,114600
9012,Kiran,87994
9013,Hari,52667
9014,Gita,104272
9015,Gita,72422
9016,Binod,80372
9017,Kiran,64378
9018,Rohit,82842
9019,Kiran,44361
9020,Anita,39214
9021,Ram,85194
9022,Rohit,83641
9023,Ram,75876
9024,Anita,51633
9025,Rohit,92961
9026,Rohit,91066
9027,Binod,32572
9028,Gita,104915
9029,Hari,62455
9030,Gita,45672
9031,Anita,104741
9032,Ram,112513
9033,Binod,59465
9034,Gita,66924
9035,Gita,86042
9036,Kiran,74932
9037,Kiran,117481
9038,Kiran,67251
9039,Rohit,45466
9040,Kiran,85983
9041,Rohit,49622
9042,Sita,118721
9043,Binod,93331
9044,Ram,70371
9045,Binod,30460
9046,Kiran,40631
9047,Kiran,71869
9048,Rohit,41404
9049,Sita,73265
9050,Kiran,31864
9051,Hari,34432
9052,Hari,108587
9053,Hari,54885
9054,Hari,105337
9055,Hari,37111
9056,Anita,90061
9057,Rohit,56174
9058,Binod,42885
9059,Gita,112161
9060,Sita,50046
9061,Hari,99231
9062,Rohit,64771
9063,Anita,53684
9064,Rohit,75547
9065,Ram,93175
9066,Gita,53122
9067,Binod,62224
9068,Anita,72751
9069,Kiran,61676
9070,Rohit,108781
9071,Hari,57865
9072,Ram,89222
9073,Kiran,72349
9074,Ram,63668
9075,Ram,85863
9076,Binod,106786
9077,Ram,40717
9078,Rohit,105095
9079,Ram,74453
9080,Binod,103360
9081,Sita,72206
9082,Anita,88293
9083,Gita,44753
9084,Ram,86874
9085,Binod,36169
9086,Rohit,71289
9087,Hari,46151
9088,Rohit,93881
9089,Hari,53489
9090,Sita,48165
9091,Gita,65591
9092,Gita,30399
9093,Ram,32134
9094,Anita,53433
9095,Anita,34779
9096,Gita,99091
9097,Gita,32737
9098,Binod,50266
9099,Binod,49385
9100,Hari,43358
9101,Gita,80471
9102,Gita,42492
9103,Kiran,76832
9104,Kiran,95232
9105,Anita,61139
9106,Ram,59029
9107,Anita,70000
9108,Hari,87658
9109,Sita,101688
9110,Gita,99329
9111,Anita,93678
9112,Hari,103921
9113,Kiran,51321
9114,Rohit,95782
9115,Rohit,87370
9116,Binod,64021
9117,Gita,76216
9118,Rohit,117393
9119,Hari,49690
9120,Ram,46860
9121,Kiran,69243
9122,Ram,79038
9123,Hari,55431
9124,Kiran,77677
9125,Kiran,73862
9126,Hari,114726
9127,Gita,113699
9128,Anita,94415
9129,Sita,116402
9130,Gita,105234
9131,Rohit,66545
9132,Rohit,41183
9133,Anita,116137
9134,Hari,46100
9135,Anita,60331
9136,Hari,56598
9137,Sita,47508
9138,Sita,78680
9139,Sita,49259
9140,Sita,34021
9141,Binod,92603
9142,Sita,42004
9143,Sita,50032
9144,Hari,103157
9145,Hari,49431
9146,Ram,65589
9147,Gita,67357
9148,Ram,80746
9149,Ram,91976
9150,Rohit,47525
9151,Anita,30563
9152,Anita,36437
9153,Sita,99421
9154,Sita,79753
9155,Gita,54278
9156,Gita,115186
9157,Hari,103741
9158,Gita,54442
9159,Sita,101589
9160,Rohit,107846
9161,Sita,55351
9162,Sita,84768
9163,Rohit,112179
9164,Hari,106860
9165,Kiran,36955
9166,Ram,68985
9167,Kiran,40129
9168,Binod,34949
9169,Sita,50105
9170,Sita,30160
9171,Hari,49117
9172,Ram,52912
9173,Anita,103735
9174,Ram,97901
9175,Ram,68145
9176,Kiran,34256
9177,Ram,58076
9178,Ram,65962
9179,Rohit,35968
9180,Binod,62246
9181,Gita,79980
9182,Binod,115622
9183,Sita,82123
9184,Hari,88125
9185,Rohit,85495
9186,Gita,35875
9187,Gita,105668
9188,Anita,109477
9189,Kiran,79706
9190,Binod,113029
9191,Sita,115775
9192,Sita,59947
9193,Hari,99145
9194,Hari,90490
9195,Sita,78991
9196,Gita,71705
9197,Kiran,83007
9198,Ram,36012
9199,Binod,70527
9200,Rohit,87299
9201,Rohit,82937
9202,Binod,44847
9203,Ram,75877
9204,Ram,83160
9205,Ram,77984
9206,Anita,103366
9207,Anita,73895
9208,Anita,60695
9209,Kiran,34461
9210,Rohit,77062
9211,Sita,72823
9212,Rohit,81545
9213,Sita,53019
9214,Kiran,74380
9215,Binod,48757
9216,Binod,107988
9217,Ram,111985
9218,Hari,79185
9219,Ram,88783
9220,Rohit,37737
9221,Kiran,101898
9222,Anita,54261
9223,Hari,95594
9224,Binod,104671
9225,Sita,119967
9226,Hari,70387
9227,Kiran,98021
9228,Kiran,84234
9229,Anita,58684
9230,Rohit,41169
9231,Kiran,36272
9232,Anita,110543
9233,Hari,87538
9234,Binod,118190
9235,Sita,108975
9236,Sita,64657
9237,Sita,86274
9238,Binod,116071
9239,Gita,111001
9240,Binod,33068
9241,Ram,115892
9242,Rohit,57794
9243,Rohit,118793
9244,Anita,68452
9245,Anita,104973
9246,Ram,81072
9247,Anita,118425
9248,Sita,105244
9249,Anita,95432
9250,Sita,48549
9251,Kiran,66789
9252,Sita,34884
9253,Hari,36077
9254,Gita,86132
9255,Anita,109252
9256,Binod,85732
9257,Binod,39742
9258,Sita,76353
9259,Rohit,94203
9260,Binod,115565
9261,Hari,62510
9262,Hari,82573
9263,Gita,118888
9264,Rohit,83607
9265,Gita,68158
9266,Rohit,40609
9267,Sita,115713
9268,Binod,119665
9269,Sita,30630
9270,Hari,37819
9271,Hari,62027
9272,Rohit,90595
9273,Binod,94017
9274,Anita,83002
9275,Binod,50482
9276,Rohit,103972
9277,Ram,31754
9278,Binod,90950
9279,Kiran,96095
9280,Sita,100908
9281,Anita,69873
9282,Sita,73608
9283,Anita,61796
9284,Binod,70675
9285,Rohit,50558
9286,Kiran,40536
9287,Kiran,113409
9288,Binod,55897
9289,Anita,82629
9290,Hari,119217
9291,Sita,61720
9292,Hari,105230
9293,Hari,82454
9294,Binod,115614
9295,Hari,81843
9296,Rohit,42964
9297,Rohit,107542
9298,Hari,80110
9299,Gita,102883
9300,Gita,102245
9301,Rohit,112063
9302,Hari,59070
9303,Anita,73814
9304,Gita,49433
9305,Gita,96047
9306,Binod,36718
9307,Rohit,91863
9308,Ram,102416
9309,Anita,116214
9310,Hari,61005
9311,Binod,110112
9312,Hari,72609
9313,Ram,62747
9314,Rohit,32531
9315,Hari,37465
9316,Sita,118002
9317,Rohit,50265
9318,Rohit,37802
9319,Hari,72570
9320,Anita,60656
9321,Gita,100739
9322,Binod,54713
9323,Kiran,66592
9324,Gita,86813
9325,Binod,78768
9326,Ram,50259
9327,Gita,108743
9328,Kiran,50900
9329,Rohit,105942
9330,Binod,99595
9331,Hari,115635
9332,Binod,89357
9333,Gita,94041
9334,Hari,85788
9335,Rohit,105130
9336,Anita,84381
9337,Binod,96495
9338,Gita,66153
9339,Rohit,47064
9340,Hari,89855
9341,Gita,79652
9342,Ram,83957
9343,Anita,42252
9344,Kiran,33708
9345,Rohit,97855
9346,Kiran,51916
9347,Sita,108229
9348,Anita,106324
9349,Ram,75645
9350,Binod,47146
9351,Binod,52170
9352,Gita,45824
9353,Sita,78070
9354,Ram,104353
9355,Gita,85444
9356,Rohit,71917
9357,Kiran,75582
9358,Hari,59963
9359,Ram,36455
9360,Binod,76698
9361,Anita,93944
9362,Hari,31515
9363,Sita,51503
9364,Anita,104179
9365,Gita,40800
9366,Binod,48566
9367,Ram,75863
9368,Rohit,54357
9369,Binod,80345
9370,Anita,52393
9371,Binod,40256
9372,Gita,32134
9373,Sita,69173
9374,Rohit,37095
9375,Gita,93651
9376,Rohit,68929
9377,Binod,72958
9378,Sita,113236
9379,Sita,90505
9380,Rohit,37433
9381,Kiran,98062
9382,Gita,62964
9383,Hari,118617
9384,Gita,108840
9385,Kiran,47990
9386,Ram,38578
9387,Gita,98363
9388,Sita,105339
9389,Gita,53812
9390,Sita,66472
9391,Gita,107861
9392,Gita,50948
9393,Hari,58131
9394,Sita,37761
9395,Anita,90651
9396,Rohit,60165
9397,Sita,103535
9398,Binod,81953
9399,Sita,65883
9400,Rohit,98790
9401,Anita,87294
9402,Ram,66262
9403,Anita,105210
9404,Kiran,37283
9405,Ram,91105
9406,Sita,47293
9407,Gita,33413
9408,Rohit,82568
9409,Gita,33145
9410,Anita,63054
9411,Gita,88909
9412,Sita,64369
9413,Sita,79478
9414,Ram,74824
9415,Kiran,39683
9416,Ram,66364
9417,Ram,34517
9418,Hari,117015
9419,Anita,61060
9420,Kiran,66194
9421,Rohit,89128
9422,Rohit,46899
9423,Gita,61908
9424,Hari,93829
9425,Rohit,79358
9426,Gita,50119
9427,Binod,71140
9428,Ram,79469
9429,Rohit,118628
9430,Anita,35486
9431,Gita,96691
9432,Kiran,33747
9433,Binod,47738
9434,Ram,57973
9435,Hari,80990
9436,Gita,33166
9437,Rohit,72903
9438,Anita,73488
9439,Anita,68325
9440,Kiran,46140
9441,Gita,111312
9442,Ram,110636
9443,Rohit,111032
9444,Gita,86628
9445,Anita,101846
9446,Kiran,79285
9447,Anita,103568
9448,Binod,88631
9449,Hari,67643
9450,Ram,41201
9451,Sita,41999
9452,Kiran,49439
9453,Gita,50835
9454,Binod,48379
9455,Ram,69482
9456,Gita,117679
9457,Hari,104810
9458,Rohit,115378
9459,Ram,62684
9460,Kiran,109988
9461,Rohit,40595
9462,Ram,45157
9463,Gita,94691
9464,Ram,80228
9465,Sita,108232
9466,Binod,58630
9467,Kiran,68363
9468,Sita,75707
9469,Hari,38104
9470,Hari,49275
9471,Hari,57257
9472,Binod,114779
9473,Anita,91365
9474,Kiran,48225
9475,Sita,68175
9476,Rohit,87912
9477,Kiran,100023
9478,Binod,59157
9479,Binod,71342
9480,Rohit,95743
9481,Sita,72622
9482,Sita,85473
9483,Rohit,42544
9484,Gita,103510
9485,Binod,90796
9486,Binod,113569
9487,Ram,57409
9488,Rohit,103965
9489,Kiran,111951
9490,Ram,43787
9491,Binod,115996
9492,Anita,98779
9493,Sita,102390
9494,Anita,98392
9495,Sita,117929
9496,Rohit,85188
9497,Ram,67265
9498,Anita,31876
9499,Gita,115568
9500,Sita,98426
9501,Anita,49514
9502,Kiran,55491
9503,Sita,64784
9504,Binod,32835
9505,Gita,74952
9506,Rohit,89575
9507,Ram,43716
9508,Rohit,92185
9509,Sita,48858
9510,Binod,88283
9511,Sita,34123
9512,Anita,60515
9513,Anita,60149
9514,Binod,87905
9515,Gita,83133
9516,Binod,113237
9517,Ram,60280
9518,Rohit,119551
9519,Gita,106657
9520,Anita,107500
9521,Anita,53575
9522,Sita,105702
9523,Anita,92330
9524,Binod,115748
9525,Anita,98991
9526,Ram,111327
9527,Anita,42418
9528,Anita,88388
9529,Ram,43603
9530,Binod,95754
9531,Binod,103303
9532,Anita,66010
9533,Anita,40166
9534,Anita,118718
9535,Sita,117955
9536,Sita,60219
9537,Hari,62356
9538,Ram,46280
9539,Ram,99855
9540,Sita,38695
9541,Anita,102240
9542,Anita,35612
9543,Ram,75347
9544,Rohit,115684
9545,Kiran,115087
9546,Ram,32654
9547,Ram,111493
9548,Sita,35305
9549,Hari,31319
9550,Kiran,103990
9551,Sita,114277
9552,Kiran,80132
9553,Gita,92194
9554,Gita,117506
9555,Sita,68639
9556,Ram,103097
9557,Rohit,72678
9558,Rohit,97212
9559,Rohit,111942
9560,Kiran,39143
9561,Ram,97833
9562,Sita,111600
9563,Ram,81349
9564,Gita,113651
9565,Rohit,47308
9566,Binod,40851
9567,Sita,101603
9568,Ram,109168
9569,Ram,52280
9570,Binod,95957
9571,Anita,78500
9572,Kiran,81208
9573,Hari,53466
9574,Gita,69501
9575,Binod,45104
9576,Sita,113281
9577,Sita,77355
9578,Anita,108324
9579,Gita,116455
9580,Anita,118873
9581,Sita,98846
9582,Hari,108064
9583,Anita,75981
9584,Kiran,60375
9585,Binod,35333
9586,Hari,106892
9587,Rohit,44892
9588,Anita,105854
9589,Hari,118572
9590,Hari,72688
9591,Sita,51952
9592,Kiran,75895
9593,Binod,37600
9594,Rohit,53062
9595,Rohit,69252
9596,Ram,80409
9597,Ram,46764
9598,Anita,32477
9599,Sita,106059
9600,Gita,61664
9601,Anita,108349
9602,Sita,110159
9603,Kiran,83566
9604,Rohit,114651
9605,Anita,66950
9606,Binod,87288
9607,Sita,75675
9608,Ram,46255
9609,Rohit,65833
9610,Hari,100728
9611,Binod,82455
9612,Kiran,95421
9613,Gita,30895
9614,Sita,54535
9615,Ram,106856
9616,Hari,34658
9617,Anita,36187
9618,Rohit,63135
9619,Binod,50681
9620,Binod,43690
9621,Hari,75014
9622,Anita,118178
9623,Sita,78222
9624,Rohit,71267
9625,Kiran,115046
9626,Binod,32214
9627,Sita,42066
9628,Kiran,60945
9629,Hari,44771
9630,Anita,77510
9631,Ram,99344
9632,Gita,116007
9633,Ram,99923
9634,Hari,40148
9635,Gita,38868
9636,Rohit,37521
9637,Gita,78201
9638,Kiran,93839
9639,Rohit,76488
9640,Binod,89693
9641,Hari,83673
9642,Sita,82893
9643,Binod,93504
9644,Anita,63023
9645,Hari,61422
9646,Gita,85622
9647,Kiran,67547
9648,Kiran,55135
9649,Rohit,41523
9650,Kiran,44906
9651,Binod,61482
9652,Anita,114634
9653,Rohit,48861
9654,Rohit,32158
9655,Binod,47015
9656,Binod,60586
9657,Gita,39261
9658,Rohit,89251
9659,Gita,32581
9660,Anita,113040
9661,Rohit,74253
9662,Sita,45192
9663,Kiran,51503
9664,Sita,85429
9665,Kiran,30000
9666,Anita,53939
9667,Sita,39461
9668,Ram,45149
9669,Hari,113109
9670,Rohit,35721
9671,Hari,70020
9672,Anita,92121
9673,Kiran,68475
9674,Anita,54988
9675,Anita,85384
9676,Rohit,118835
9677,Sita,78668
9678,Sita,51292
9679,Kiran,42617
9680,Sita,40345
9681,Hari,47997
9682,Gita,115024
9683,Binod,41157
9684,Binod,83536
9685,Anita,67684
9686,Anita,64609
9687,Ram,48243
9688,Ram,62521
9689,Kiran,35241
9690,Hari,78556
9691,Sita,90018
9692,Kiran,31995
9693,Kiran,96394
9694,Sita,80060
9695,Hari,70553
9696,Hari,50891
9697,Ram,83880
9698,Ram,89505
9699,Rohit,86220
9700,Sita,49634
9701,Rohit,88953
9702,Ram,83595
9703,Ram,114377
9704,Rohit,117965
9705,Ram,58961
9706,Sita,72979
9707,Binod,98655
9708,Binod,37594
9709,Binod,33275
9710,Anita,80285
9711,Hari,80934
9712,Kiran,36098
9713,Hari,49006
9714,Gita,78037
9715,Rohit,67643
9716,Sita,50041
9717,Binod,39423
9718,Rohit,94906
9719,Gita,75650
9720,Ram,98366
9721,Hari,117961
9722,Gita,40419
9723,Kiran,90447
9724,Binod,92677
9725,Sita,88104
9726,Sita,83885
9727,Binod,110321
9728,Rohit,51218
9729,Gita,114770
9730,Gita,98419
9731,Hari,82234
9732,Ram,79874
9733,Binod,112208
9734,Rohit,66224
9735,Anita,46140
9736,Binod,94855
9737,Hari,92265
9738,Rohit,79819
9739,Ram,106788
9740,Sita,96015
9741,Hari,117734
9742,Gita,70388
9743,Sita,84587
9744,Ram,62948
9745,Binod,56062
9746,Anita,107312
9747,Hari,53295
9748,Hari,81083
9749,Sita,60939
9750,Sita,90094
9751,Hari,93337
9752,Ram,100362
9753,Gita,55131
9754,Sita,100241
9755,Hari,86430
9756,Gita,47495
9757,Gita,45043
9758,Kiran,102330
9759,Ram,30241
9760,Binod,45654
9761,Rohit,106111
9762,Hari,96778
9763,Kiran,76976
9764,Binod,95056
9765,Sita,52325
9766,Gita,80481
9767,Kiran,95441
9768,Hari,59374
9769,Kiran,30954
9770,Binod,35844
9771,Ram,44182
9772,Anita,114809
9773,Ram,112570
9774,Gita,95928
9775,Sita,111126
9776,Binod,81647
9777,Rohit,102282
9778,Rohit,59648
9779,Sita,45089
9780,Sita,80438
9781,Rohit,49392
9782,Gita,74777
9783,Hari,43097
9784,Sita,30519
9785,Kiran,81093
9786,Anita,67166
9787,Ram,112958
9788,Anita,69707
9789,Kiran,99717
9790,Rohit,57375
9791,Anita,85325
9792,Hari,103677
9793,Binod,35122
9794,Sita,46406
9795,Rohit,39034
9796,Kiran,34052
9797,Gita,114044
9798,Rohit,86035
9799,Sita,114274
9800,Anita,88705
9801,Sita,93075
9802,Sita,90821
9803,Binod,91086
9804,Binod,77396
9805,Kiran,103807
9806,Hari,54175
9807,Rohit,61216
9808,Gita,62770
9809,Hari,31017
9810,Anita,71692
9811,Gita,33326
9812,Hari,87791
9813,Anita,47661
9814,Rohit,85746
9815,Gita,87944
9816,Binod,118259
9817,Binod,65171
9818,Kiran,51087
9819,Gita,61661
9820,Kiran,53559
9821,Gita,89585
9822,Gita,80265
9823,Hari,97326
9824,Kiran,111894
9825,Gita,83958
9826,Hari,41103
9827,Binod,36858
9828,Anita,42498
9829,Rohit,90758
9830,Sita,32623
9831,Hari,55318
9832,Rohit,103451
9833,Sita,37505
9834,Sita,94367
9835,Ram,84621
9836,Rohit,113960
9837,Gita,82261
9838,Rohit,81936
9839,Rohit,88830
9840,Sita,38040
9841,Hari,119300
9842,Binod,65789
9843,Hari,74880
9844,Hari,96753
9845,Gita,61848
9846,Ram,39232
9847,Binod,31692
9848,Hari,52272
9849,Sita,106686
9850,Gita,78371
9851,Rohit,61484
9852,Kiran,66638
9853,Anita,44770
9854,Rohit,111373
9855,Anita,115298
9856,Binod,84419
9857,Rohit,105730
9858,Binod,113922
9859,Ram,75661
9860,Kiran,84976
9861,Gita,40103
9862,Rohit,48095
9863,Kiran,108681
9864,Anita,33658
9865,Kiran,100293
9866,Sita,73257
9867,Sita,118871
9868,Gita,43749
9869,Ram,43786
9870,Sita,98332
9871,Anita,118484
9872,Gita,69718
9873,Sita,105486
9874,Anita,71170
9875,Binod,92779
9876,Sita,107694
9877,Rohit,98693
9878,Ram,106595
9879,Gita,100577
9880,Rohit,101736
9881,Rohit,83249
9882,Binod,49664
9883,Anita,84476
9884,Anita,89855
9885,Kiran,72825
9886,Binod,107278
9887,Binod,93347
9888,Sita,33387
9889,Gita,108246
9890,Rohit,62331
9891,Rohit,57127
9892,Binod,58702
9893,Ram,53370
9894,Gita,69386
9895,Sita,77317
9896,Anita,88977
9897,Hari,102100
9898,Anita,72898
9899,Anita,95242
9900,Binod,41660
9901,Hari,75955
9902,Hari,94052
9903,Gita,91156
9904,Gita,74740
9905,Ram,65970
9906,Ram,72740
9907,Ram,44247
9908,Kiran,118148
9909,Ram,43734
9910,Sita,115889
9911,Kiran,114611
9912,Kiran,88419
9913,Anita,96971
9914,Binod,110635
9915,Gita,32952
9916,Rohit,71272
9917,Kiran,53938
9918,Hari,107137
9919,Kiran,32284
9920,Hari,107079
9921,Gita,113085
9922,Rohit,89327
9923,Hari,36032
9924,Kiran,33134
9925,Ram,64706
9926,Hari,97476
9927,Hari,35582
9928,Gita,46482
9929,Gita,68831
9930,Binod,32037
9931,Kiran,43886
9932,Anita,46297
9933,Kiran,32980
9934,Ram,85320
9935,Ram,100698
9936,Kiran,85506
9937,Ram,32164
9938,Hari,82942
9939,Sita,102288
9940,Anita,43315
9941,Kiran,33571
9942,Rohit,100772
9943,Hari,47779
9944,Kiran,41871
9945,Gita,83920
9946,Rohit,91973
9947,Gita,79147
9948,Sita,114604
9949,Gita,58455
9950,Ram,48789
9951,Binod,33482
9952,Hari,76565
9953,Binod,60965
9954,Anita,34944
9955,Kiran,64505
9956,Sita,112789
9957,Binod,105807
9958,Sita,75108
9959,Kiran,114737
9960,Gita,86577
9961,Sita,87149
9962,Rohit,78619
9963,Anita,52891
9964,Kiran,97556
9965,Sita,101365
9966,Rohit,65834
9967,Ram,118518
9968,Anita,106293
9969,Anita,32997
9970,Rohit,61322
9971,Hari,91658
9972,Kiran,106558
9973,Binod,87307
9974,Binod,109447
9975,Anita,33902
9976,Rohit,56896
9977,Anita,71487
9978,Binod,113893
9979,Anita,93131
9980,Anita,39907
9981,Gita,43767
9982,Sita,58548
9983,Hari,119742
9984,Ram,34988
9985,Ram,69929
9986,Rohit,70231
9987,Anita,81238
9988,Gita,79156
9989,Kiran,106108
9990,Hari,94133
9991,Anita,113467
9992,Rohit,75593
9993,Binod,80798
9994,Gita,31132
9995,Gita,115272
9996,Hari,35553
9997,Anita,35702
9998,Sita,45150
9999,Ram,37124
10000,Anita,102378
